TRUNCATE TABLE t_brs_browser_type;
/*!40000 ALTER TABLE `t_brs_browser_type` DISABLE KEYS */;
INSERT INTO `t_brs_browser_type` (`id`, `code`, `name`, `state`, `description`, `ext_1`, `ext_2`, `ext_3`, `ext_4`, `meta_created`, `meta_updated`, `meta_logic_flag`) VALUES
  (1, '', 'PC', 1, 'PC', '', '', '', '', NOW(), NOW(), 1),
  (2, '', 'Mobile', 1, 'Mobile', '', '', '', '', NOW(), NOW(), 1),
  (3, '', 'Server', 1, 'Server', '', '', '', '', NOW(), NOW(), 1);
/*!40000 ALTER TABLE `t_brs_browser_type` ENABLE KEYS */;


TRUNCATE TABLE t_brs_browser;
/*!40000 ALTER TABLE `t_brs_browser` DISABLE KEYS */;
INSERT INTO `t_brs_browser` (`id`, `browser_type_id`, `code`, `name`, `state`, `description`, `ext_1`, `ext_2`, `ext_3`, `ext_4`, `meta_created`, `meta_updated`, `meta_logic_flag`) VALUES
  (1, 1, '', 'Chrome', 1, 'PC-Chrome', '', '', '', '', NOW(), NOW(), 1),
  (2, 1, '', 'Edge', 1, 'PC-Edge', '', '', '', '', NOW(), NOW(), 1),
  (3, 1, '', 'Firefox', 1, 'PC-Firefox', '', '', '', '', NOW(), NOW(), 1),
  (4, 1, '', 'Internet Explorer', 1, 'PC-Internet Explorer', '', '', '', '', NOW(), NOW(), 1),
  (5, 1, '', 'Opera', 1, 'PC-Opera', '', '', '', '', NOW(), NOW(), 1),
  (6, 1, '', 'Safari', 1, 'PC-Safari', '', '', '', '', NOW(), NOW(), 1),
  (7, 2, '', 'Android Webview', 1, 'Mobile-Android Webview', '', '', '', '', NOW(), NOW(), 1),
  (8, 2, '', 'iOS Safari', 1, 'Mobile-iOS Safari', '', '', '', '', NOW(), NOW(), 1),
  (9, 2, '', 'Samsung Internet', 1, 'Mobile-Samsung Internet', '', '', '', '', NOW(), NOW(), 1),
  (10, 3, '', 'Node.js', 1, 'Server-Node.js', '', '', '', '', NOW(), NOW(), 1);
/*!40000 ALTER TABLE `t_brs_browser` ENABLE KEYS */;


TRUNCATE TABLE t_brs_browser_version;
/*!40000 ALTER TABLE `t_brs_browser_version` DISABLE KEYS */;
INSERT INTO `t_brs_browser_version` (`id`, `browser_id`, `code`, `name`, `version`, `release_date`, `state`, `description`, `ext_1`, `ext_2`, `ext_3`, `ext_4`, `meta_created`, `meta_updated`, `meta_logic_flag`) VALUES
  (1, 4, '', '1', 10, '1995-08-01 00:00:00', 1, 'PC-Internet Explorer-1', '', '', '', '', NOW(), NOW(), 1),
  (2, 4, '', '2', 20, '1995-11-01 00:00:00', 1, 'PC-Internet Explorer-2', '', '', '', '', NOW(), NOW(), 1),
  (3, 4, '', '3', 30, '1996-08-01 00:00:00', 1, 'PC-Internet Explorer-3', '', '', '', '', NOW(), NOW(), 1),
  (4, 4, '', '4', 40, '1997-10-01 00:00:00', 1, 'PC-Internet Explorer-4', '', '', '', '', NOW(), NOW(), 1),
  (5, 4, '', '5', 50, '1999-03-01 00:00:00', 1, 'PC-Internet Explorer-5', '', '', '', '', NOW(), NOW(), 1),
  (6, 4, '', '5.5', 55, '2000-07-01 00:00:00', 1, 'PC-Internet Explorer-5.5', '', '', '', '', NOW(), NOW(), 1),
  (7, 4, '', '6', 60, '2001-08-27 00:00:00', 1, 'PC-Internet Explorer-6', '', '', '', '', NOW(), NOW(), 1),
  (8, 4, '', '7', 70, '2006-10-18 00:00:00', 1, 'PC-Internet Explorer-7', '', '', '', '', NOW(), NOW(), 1),
  (9, 4, '', '8', 80, '2009-03-19 00:00:00', 1, 'PC-Internet Explorer-8', '', '', '', '', NOW(), NOW(), 1),
  (10, 4, '', '9', 90, '2011-03-14 00:00:00', 1, 'PC-Internet Explorer-9', '', '', '', '', NOW(), NOW(), 1),
  (11, 4, '', '10', 100, '2012-09-04 00:00:00', 1, 'PC-Internet Explorer-10', '', '', '', '', NOW(), NOW(), 1),
  (12, 4, '', '11', 110, '2013-10-17 00:00:00', 1, 'PC-Internet Explorer-11', '', '', '', '', NOW(), NOW(), 1),
  (13, 2, '', '12', 120, '2015-07-29 00:00:00', 1, 'PC-Edge-12', '', '', '', '', NOW(), NOW(), 1),
  (14, 2, '', '13', 130, '2015-11-12 00:00:00', 1, 'PC-Edge-13', '', '', '', '', NOW(), NOW(), 1),
  (15, 2, '', '14', 140, '2016-08-02 00:00:00', 1, 'PC-Edge-14', '', '', '', '', NOW(), NOW(), 1),
  (16, 2, '', '15', 150, '2017-04-11 00:00:00', 1, 'PC-Edge-15', '', '', '', '', NOW(), NOW(), 1),
  (17, 2, '', '16', 160, '2017-10-17 00:00:00', 1, 'PC-Edge-16', '', '', '', '', NOW(), NOW(), 1),
  (18, 2, '', '17', 170, '2018-04-13 00:00:00', 1, 'PC-Edge-17', '', '', '', '', NOW(), NOW(), 1),
  (19, 2, '', '18', 180, '2018-11-13 00:00:00', 1, 'PC-Edge-18', '', '', '', '', NOW(), NOW(), 1),
  (20, 3, '', '2', 20, '2006-10-24 00:00:00', 1, 'PC-Firefox-2', '', '', '', '', NOW(), NOW(), 1),
  (21, 3, '', '3', 30, '2008-06-17 00:00:00', 1, 'PC-Firefox-3', '', '', '', '', NOW(), NOW(), 1),
  (22, 3, '', '3.5', 35, '2009-06-30 00:00:00', 1, 'PC-Firefox-3.5', '', '', '', '', NOW(), NOW(), 1),
  (23, 3, '', '3.6', 36, '2010-01-21 00:00:00', 1, 'PC-Firefox-3.6', '', '', '', '', NOW(), NOW(), 1),
  (24, 3, '', '4', 40, '2011-03-22 00:00:00', 1, 'PC-Firefox-4', '', '', '', '', NOW(), NOW(), 1),
  (25, 3, '', '5', 50, '2011-06-21 00:00:00', 1, 'PC-Firefox-5', '', '', '', '', NOW(), NOW(), 1),
  (26, 3, '', '6', 60, '2011-08-16 00:00:00', 1, 'PC-Firefox-6', '', '', '', '', NOW(), NOW(), 1),
  (27, 3, '', '8', 80, '2011-09-27 00:00:00', 1, 'PC-Firefox-8', '', '', '', '', NOW(), NOW(), 1),
  (28, 3, '', '9', 90, '2011-11-08 00:00:00', 1, 'PC-Firefox-9', '', '', '', '', NOW(), NOW(), 1),
  (29, 3, '', '10', 100, '2011-12-20 00:00:00', 1, 'PC-Firefox-10', '', '', '', '', NOW(), NOW(), 1),
  (30, 3, '', '11', 110, '2012-01-31 00:00:00', 1, 'PC-Firefox-11', '', '', '', '', NOW(), NOW(), 1),
  (31, 3, '', '12', 120, '2012-03-13 00:00:00', 1, 'PC-Firefox-12', '', '', '', '', NOW(), NOW(), 1),
  (32, 3, '', '13', 130, '2012-04-24 00:00:00', 1, 'PC-Firefox-13', '', '', '', '', NOW(), NOW(), 1),
  (33, 3, '', '14', 140, '2012-06-05 00:00:00', 1, 'PC-Firefox-14', '', '', '', '', NOW(), NOW(), 1),
  (34, 3, '', '15', 150, '2012-07-17 00:00:00', 1, 'PC-Firefox-15', '', '', '', '', NOW(), NOW(), 1),
  (35, 3, '', '16', 160, '2012-08-28 00:00:00', 1, 'PC-Firefox-16', '', '', '', '', NOW(), NOW(), 1),
  (36, 3, '', '17', 170, '2012-10-09 00:00:00', 1, 'PC-Firefox-17', '', '', '', '', NOW(), NOW(), 1),
  (37, 3, '', '18', 180, '2012-11-23 00:00:00', 1, 'PC-Firefox-18', '', '', '', '', NOW(), NOW(), 1),
  (38, 3, '', '19', 190, '2013-01-08 00:00:00', 1, 'PC-Firefox-19', '', '', '', '', NOW(), NOW(), 1),
  (39, 3, '', '20', 200, '2013-02-19 00:00:00', 1, 'PC-Firefox-20', '', '', '', '', NOW(), NOW(), 1),
  (40, 3, '', '21', 210, '2013-04-02 00:00:00', 1, 'PC-Firefox-21', '', '', '', '', NOW(), NOW(), 1),
  (41, 3, '', '22', 220, '2013-05-14 00:00:00', 1, 'PC-Firefox-22', '', '', '', '', NOW(), NOW(), 1),
  (42, 3, '', '23', 230, '2013-06-25 00:00:00', 1, 'PC-Firefox-23', '', '', '', '', NOW(), NOW(), 1),
  (43, 3, '', '24', 240, '2013-08-06 00:00:00', 1, 'PC-Firefox-24', '', '', '', '', NOW(), NOW(), 1),
  (44, 3, '', '25', 250, '2013-09-17 00:00:00', 1, 'PC-Firefox-25', '', '', '', '', NOW(), NOW(), 1),
  (45, 3, '', '26', 260, '2013-12-10 00:00:00', 1, 'PC-Firefox-26', '', '', '', '', NOW(), NOW(), 1),
  (46, 3, '', '27', 270, '2014-02-04 00:00:00', 1, 'PC-Firefox-27', '', '', '', '', NOW(), NOW(), 1),
  (47, 3, '', '28', 280, '2014-03-18 00:00:00', 1, 'PC-Firefox-28', '', '', '', '', NOW(), NOW(), 1),
  (48, 3, '', '29', 290, '2014-04-29 00:00:00', 1, 'PC-Firefox-29', '', '', '', '', NOW(), NOW(), 1),
  (49, 3, '', '30', 300, '2014-06-10 00:00:00', 1, 'PC-Firefox-30', '', '', '', '', NOW(), NOW(), 1),
  (50, 3, '', '31', 310, '2014-07-22 00:00:00', 1, 'PC-Firefox-31', '', '', '', '', NOW(), NOW(), 1),
  (51, 3, '', '32', 320, '2014-09-02 00:00:00', 1, 'PC-Firefox-32', '', '', '', '', NOW(), NOW(), 1),
  (52, 3, '', '33', 330, '2014-10-14 00:00:00', 1, 'PC-Firefox-33', '', '', '', '', NOW(), NOW(), 1),
  (53, 3, '', '34', 340, '2014-12-01 00:00:00', 1, 'PC-Firefox-34', '', '', '', '', NOW(), NOW(), 1),
  (54, 3, '', '35', 350, '2015-01-13 00:00:00', 1, 'PC-Firefox-35', '', '', '', '', NOW(), NOW(), 1),
  (55, 3, '', '36', 360, '2015-02-24 00:00:00', 1, 'PC-Firefox-36', '', '', '', '', NOW(), NOW(), 1),
  (56, 3, '', '37', 370, '2015-04-06 00:00:00', 1, 'PC-Firefox-37', '', '', '', '', NOW(), NOW(), 1),
  (57, 3, '', '38', 380, '2015-05-13 00:00:00', 1, 'PC-Firefox-38', '', '', '', '', NOW(), NOW(), 1),
  (58, 3, '', '39', 390, '2015-07-03 00:00:00', 1, 'PC-Firefox-39', '', '', '', '', NOW(), NOW(), 1),
  (59, 3, '', '40', 400, '2015-08-11 00:00:00', 1, 'PC-Firefox-40', '', '', '', '', NOW(), NOW(), 1),
  (60, 3, '', '41', 410, '2015-09-22 00:00:00', 1, 'PC-Firefox-41', '', '', '', '', NOW(), NOW(), 1),
  (61, 3, '', '42', 420, '2015-11-03 00:00:00', 1, 'PC-Firefox-42', '', '', '', '', NOW(), NOW(), 1),
  (62, 3, '', '43', 430, '2015-12-15 00:00:00', 1, 'PC-Firefox-43', '', '', '', '', NOW(), NOW(), 1),
  (63, 3, '', '44', 440, '2016-01-27 00:00:00', 1, 'PC-Firefox-44', '', '', '', '', NOW(), NOW(), 1),
  (64, 3, '', '45', 450, '2016-03-08 00:00:00', 1, 'PC-Firefox-45', '', '', '', '', NOW(), NOW(), 1),
  (65, 3, '', '46', 460, '2016-04-26 00:00:00', 1, 'PC-Firefox-46', '', '', '', '', NOW(), NOW(), 1),
  (66, 3, '', '47', 470, '2016-06-07 00:00:00', 1, 'PC-Firefox-47', '', '', '', '', NOW(), NOW(), 1),
  (67, 3, '', '48', 480, '2016-08-02 00:00:00', 1, 'PC-Firefox-48', '', '', '', '', NOW(), NOW(), 1),
  (68, 3, '', '49', 490, '2016-09-20 00:00:00', 1, 'PC-Firefox-49', '', '', '', '', NOW(), NOW(), 1),
  (69, 3, '', '50', 500, '2016-11-15 00:00:00', 1, 'PC-Firefox-50', '', '', '', '', NOW(), NOW(), 1),
  (70, 3, '', '51', 510, '2017-01-24 00:00:00', 1, 'PC-Firefox-51', '', '', '', '', NOW(), NOW(), 1),
  (71, 3, '', '52', 520, '2017-03-07 00:00:00', 1, 'PC-Firefox-52', '', '', '', '', NOW(), NOW(), 1),
  (72, 3, '', '53', 530, '2017-04-19 00:00:00', 1, 'PC-Firefox-53', '', '', '', '', NOW(), NOW(), 1),
  (73, 3, '', '54', 540, '2017-06-13 00:00:00', 1, 'PC-Firefox-54', '', '', '', '', NOW(), NOW(), 1),
  (74, 3, '', '55', 550, '2017-08-08 00:00:00', 1, 'PC-Firefox-55', '', '', '', '', NOW(), NOW(), 1),
  (75, 3, '', '56', 560, '2017-09-28 00:00:00', 1, 'PC-Firefox-56', '', '', '', '', NOW(), NOW(), 1),
  (76, 3, '', '57', 570, '2017-11-14 00:00:00', 1, 'PC-Firefox-57', '', '', '', '', NOW(), NOW(), 1),
  (77, 3, '', '58', 580, '2018-01-23 00:00:00', 1, 'PC-Firefox-58', '', '', '', '', NOW(), NOW(), 1),
  (78, 3, '', '59', 590, '2018-03-14 00:00:00', 1, 'PC-Firefox-59', '', '', '', '', NOW(), NOW(), 1),
  (79, 3, '', '60', 600, '2018-05-09 00:00:00', 1, 'PC-Firefox-60', '', '', '', '', NOW(), NOW(), 1),
  (80, 3, '', '61', 610, '2018-06-26 00:00:00', 1, 'PC-Firefox-61', '', '', '', '', NOW(), NOW(), 1),
  (81, 3, '', '62', 620, '2018-09-05 00:00:00', 1, 'PC-Firefox-62', '', '', '', '', NOW(), NOW(), 1),
  (82, 3, '', '63', 630, '2018-10-23 00:00:00', 1, 'PC-Firefox-63', '', '', '', '', NOW(), NOW(), 1),
  (83, 3, '', '64', 640, '2018-12-11 00:00:00', 1, 'PC-Firefox-64', '', '', '', '', NOW(), NOW(), 1),
  (84, 3, '', '65', 650, '2019-01-29 00:00:00', 1, 'PC-Firefox-65', '', '', '', '', NOW(), NOW(), 1),
  (85, 3, '', '66', 660, '2019-03-19 00:00:00', 1, 'PC-Firefox-66', '', '', '', '', NOW(), NOW(), 1),
  (86, 3, '', '67', 670, '2019-05-21 00:00:00', 1, 'PC-Firefox-67', '', '', '', '', NOW(), NOW(), 1),
  (87, 3, '', '68', 680, '2019-07-09 00:00:00', 1, 'PC-Firefox-68', '', '', '', '', NOW(), NOW(), 1),
  (88, 1, '', '4', 40, '2010-01-25 00:00:00', 1, 'PC-Chrome-4', '', '', '', '', NOW(), NOW(), 1),
  (89, 1, '', '5', 50, '2010-05-25 00:00:00', 1, 'PC-Chrome-5', '', '', '', '', NOW(), NOW(), 1),
  (90, 1, '', '6', 60, '2010-09-02 00:00:00', 1, 'PC-Chrome-6', '', '', '', '', NOW(), NOW(), 1),
  (91, 1, '', '7', 70, '2010-10-21 00:00:00', 1, 'PC-Chrome-7', '', '', '', '', NOW(), NOW(), 1),
  (92, 1, '', '8', 80, '2010-12-02 00:00:00', 1, 'PC-Chrome-8', '', '', '', '', NOW(), NOW(), 1),
  (93, 1, '', '9', 90, '2011-02-04 00:00:00', 1, 'PC-Chrome-9', '', '', '', '', NOW(), NOW(), 1),
  (94, 1, '', '10', 100, '2011-03-08 00:00:00', 1, 'PC-Chrome-10', '', '', '', '', NOW(), NOW(), 1),
  (95, 1, '', '11', 110, '2011-04-27 00:00:00', 1, 'PC-Chrome-11', '', '', '', '', NOW(), NOW(), 1),
  (96, 1, '', '12', 120, '2011-06-07 00:00:00', 1, 'PC-Chrome-12', '', '', '', '', NOW(), NOW(), 1),
  (97, 1, '', '13', 130, '2011-08-02 00:00:00', 1, 'PC-Chrome-13', '', '', '', '', NOW(), NOW(), 1),
  (98, 1, '', '15', 150, '2011-09-16 00:00:00', 1, 'PC-Chrome-15', '', '', '', '', NOW(), NOW(), 1),
  (99, 1, '', '16', 160, '2011-10-25 00:00:00', 1, 'PC-Chrome-16', '', '', '', '', NOW(), NOW(), 1),
  (100, 1, '', '17', 170, '2011-12-13 00:00:00', 1, 'PC-Chrome-17', '', '', '', '', NOW(), NOW(), 1),
  (101, 1, '', '18', 180, '2012-02-08 00:00:00', 1, 'PC-Chrome-18', '', '', '', '', NOW(), NOW(), 1),
  (102, 1, '', '19', 190, '2012-03-28 00:00:00', 1, 'PC-Chrome-19', '', '', '', '', NOW(), NOW(), 1),
  (103, 1, '', '20', 200, '2012-05-15 00:00:00', 1, 'PC-Chrome-20', '', '', '', '', NOW(), NOW(), 1),
  (104, 1, '', '21', 210, '2012-06-26 00:00:00', 1, 'PC-Chrome-21', '', '', '', '', NOW(), NOW(), 1),
  (105, 1, '', '22', 220, '2012-07-31 00:00:00', 1, 'PC-Chrome-22', '', '', '', '', NOW(), NOW(), 1),
  (106, 1, '', '23', 230, '2012-09-25 00:00:00', 1, 'PC-Chrome-23', '', '', '', '', NOW(), NOW(), 1),
  (107, 1, '', '24', 240, '2012-11-07 00:00:00', 1, 'PC-Chrome-24', '', '', '', '', NOW(), NOW(), 1),
  (108, 1, '', '25', 250, '2013-01-11 00:00:00', 1, 'PC-Chrome-25', '', '', '', '', NOW(), NOW(), 1),
  (109, 1, '', '26', 260, '2013-02-21 00:00:00', 1, 'PC-Chrome-26', '', '', '', '', NOW(), NOW(), 1),
  (110, 1, '', '27', 270, '2013-03-28 00:00:00', 1, 'PC-Chrome-27', '', '', '', '', NOW(), NOW(), 1),
  (111, 1, '', '28', 280, '2013-05-21 00:00:00', 1, 'PC-Chrome-28', '', '', '', '', NOW(), NOW(), 1),
  (112, 1, '', '29', 290, '2013-07-18 00:00:00', 1, 'PC-Chrome-29', '', '', '', '', NOW(), NOW(), 1),
  (113, 1, '', '30', 300, '2013-08-20 00:00:00', 1, 'PC-Chrome-30', '', '', '', '', NOW(), NOW(), 1),
  (114, 1, '', '31', 310, '2013-11-12 00:00:00', 1, 'PC-Chrome-31', '', '', '', '', NOW(), NOW(), 1),
  (115, 1, '', '32', 320, '2014-01-14 00:00:00', 1, 'PC-Chrome-32', '', '', '', '', NOW(), NOW(), 1),
  (116, 1, '', '33', 330, '2014-02-21 00:00:00', 1, 'PC-Chrome-33', '', '', '', '', NOW(), NOW(), 1),
  (117, 1, '', '34', 340, '2014-04-09 00:00:00', 1, 'PC-Chrome-34', '', '', '', '', NOW(), NOW(), 1),
  (118, 1, '', '35', 350, '2014-05-20 00:00:00', 1, 'PC-Chrome-35', '', '', '', '', NOW(), NOW(), 1),
  (119, 1, '', '36', 360, '2014-07-16 00:00:00', 1, 'PC-Chrome-36', '', '', '', '', NOW(), NOW(), 1),
  (120, 1, '', '37', 370, '2014-08-26 00:00:00', 1, 'PC-Chrome-37', '', '', '', '', NOW(), NOW(), 1),
  (121, 1, '', '38', 380, '2014-10-07 00:00:00', 1, 'PC-Chrome-38', '', '', '', '', NOW(), NOW(), 1),
  (122, 1, '', '39', 390, '2014-11-18 00:00:00', 1, 'PC-Chrome-39', '', '', '', '', NOW(), NOW(), 1),
  (123, 1, '', '40', 400, '2015-01-21 00:00:00', 1, 'PC-Chrome-40', '', '', '', '', NOW(), NOW(), 1),
  (124, 1, '', '41', 410, '2015-03-05 00:00:00', 1, 'PC-Chrome-41', '', '', '', '', NOW(), NOW(), 1),
  (125, 1, '', '42', 420, '2015-04-19 00:00:00', 1, 'PC-Chrome-42', '', '', '', '', NOW(), NOW(), 1),
  (126, 1, '', '43', 430, '2015-05-20 00:00:00', 1, 'PC-Chrome-43', '', '', '', '', NOW(), NOW(), 1),
  (127, 1, '', '44', 440, '2015-07-22 00:00:00', 1, 'PC-Chrome-44', '', '', '', '', NOW(), NOW(), 1),
  (128, 1, '', '45', 450, '2015-09-02 00:00:00', 1, 'PC-Chrome-45', '', '', '', '', NOW(), NOW(), 1),
  (129, 1, '', '46', 460, '2015-10-14 00:00:00', 1, 'PC-Chrome-46', '', '', '', '', NOW(), NOW(), 1),
  (130, 1, '', '47', 470, '2015-12-02 00:00:00', 1, 'PC-Chrome-47', '', '', '', '', NOW(), NOW(), 1),
  (131, 1, '', '48', 480, '2016-01-20 00:00:00', 1, 'PC-Chrome-48', '', '', '', '', NOW(), NOW(), 1),
  (132, 1, '', '49', 490, '2016-03-03 00:00:00', 1, 'PC-Chrome-49', '', '', '', '', NOW(), NOW(), 1),
  (133, 1, '', '50', 500, '2016-04-14 00:00:00', 1, 'PC-Chrome-50', '', '', '', '', NOW(), NOW(), 1),
  (134, 1, '', '51', 510, '2016-03-25 00:00:00', 1, 'PC-Chrome-51', '', '', '', '', NOW(), NOW(), 1),
  (135, 1, '', '52', 520, '2016-07-21 00:00:00', 1, 'PC-Chrome-52', '', '', '', '', NOW(), NOW(), 1),
  (136, 1, '', '53', 530, '2016-08-31 00:00:00', 1, 'PC-Chrome-53', '', '', '', '', NOW(), NOW(), 1),
  (137, 1, '', '54', 540, '2016-10-12 00:00:00', 1, 'PC-Chrome-54', '', '', '', '', NOW(), NOW(), 1),
  (138, 1, '', '55', 550, '2016-12-01 00:00:00', 1, 'PC-Chrome-55', '', '', '', '', NOW(), NOW(), 1),
  (139, 1, '', '56', 560, '2017-01-25 00:00:00', 1, 'PC-Chrome-56', '', '', '', '', NOW(), NOW(), 1),
  (140, 1, '', '57', 570, '2017-03-09 00:00:00', 1, 'PC-Chrome-57', '', '', '', '', NOW(), NOW(), 1),
  (141, 1, '', '58', 580, '2017-04-19 00:00:00', 1, 'PC-Chrome-58', '', '', '', '', NOW(), NOW(), 1),
  (142, 1, '', '59', 590, '2017-06-06 00:00:00', 1, 'PC-Chrome-59', '', '', '', '', NOW(), NOW(), 1),
  (143, 1, '', '60', 600, '2017-07-25 00:00:00', 1, 'PC-Chrome-60', '', '', '', '', NOW(), NOW(), 1),
  (144, 1, '', '61', 610, '2017-09-05 00:00:00', 1, 'PC-Chrome-61', '', '', '', '', NOW(), NOW(), 1),
  (145, 1, '', '62', 620, '2017-10-17 00:00:00', 1, 'PC-Chrome-62', '', '', '', '', NOW(), NOW(), 1),
  (146, 1, '', '63', 630, '2017-12-06 00:00:00', 1, 'PC-Chrome-63', '', '', '', '', NOW(), NOW(), 1),
  (147, 1, '', '64', 640, '2018-01-24 00:00:00', 1, 'PC-Chrome-64', '', '', '', '', NOW(), NOW(), 1),
  (148, 1, '', '65', 650, '2018-03-06 00:00:00', 1, 'PC-Chrome-65', '', '', '', '', NOW(), NOW(), 1),
  (149, 1, '', '66', 660, '2018-04-17 00:00:00', 1, 'PC-Chrome-66', '', '', '', '', NOW(), NOW(), 1),
  (150, 1, '', '67', 670, '2018-05-29 00:00:00', 1, 'PC-Chrome-67', '', '', '', '', NOW(), NOW(), 1),
  (151, 1, '', '68', 680, '2018-07-24 00:00:00', 1, 'PC-Chrome-68', '', '', '', '', NOW(), NOW(), 1),
  (152, 1, '', '69', 690, '2018-09-04 00:00:00', 1, 'PC-Chrome-69', '', '', '', '', NOW(), NOW(), 1),
  (153, 1, '', '70', 700, '2018-10-16 00:00:00', 1, 'PC-Chrome-70', '', '', '', '', NOW(), NOW(), 1),
  (154, 1, '', '71', 710, '2018-12-05 00:00:00', 1, 'PC-Chrome-71', '', '', '', '', NOW(), NOW(), 1),
  (155, 1, '', '72', 720, '2019-01-29 00:00:00', 1, 'PC-Chrome-72', '', '', '', '', NOW(), NOW(), 1),
  (156, 1, '', '73', 730, '2019-03-12 00:00:00', 1, 'PC-Chrome-73', '', '', '', '', NOW(), NOW(), 1),
  (157, 1, '', '74', 740, '2019-04-23 00:00:00', 1, 'PC-Chrome-74', '', '', '', '', NOW(), NOW(), 1),
  (158, 1, '', '75', 750, '2019-06-04 00:00:00', 1, 'PC-Chrome-75', '', '', '', '', NOW(), NOW(), 1),
  (159, 1, '', '76', 760, '2019-07-30 00:00:00', 1, 'PC-Chrome-76', '', '', '', '', NOW(), NOW(), 1),
  (160, 6, '', '3.1', 31, '2008-03-18 00:00:00', 1, 'PC-Safari-3.1', '', '', '', '', NOW(), NOW(), 1),
  (161, 6, '', '3.2', 32, '2008-11-13 00:00:00', 1, 'PC-Safari-3.2', '', '', '', '', NOW(), NOW(), 1),
  (162, 6, '', '4', 40, '2009-06-08 00:00:00', 1, 'PC-Safari-4', '', '', '', '', NOW(), NOW(), 1),
  (163, 6, '', '5', 50, '2010-06-07 00:00:00', 1, 'PC-Safari-5', '', '', '', '', NOW(), NOW(), 1),
  (164, 6, '', '5.1', 51, '2011-07-20 00:00:00', 1, 'PC-Safari-5.1', '', '', '', '', NOW(), NOW(), 1),
  (165, 6, '', '6', 60, '2012-07-25 00:00:00', 1, 'PC-Safari-6', '', '', '', '', NOW(), NOW(), 1),
  (166, 6, '', '7', 70, '2013-10-22 00:00:00', 1, 'PC-Safari-7', '', '', '', '', NOW(), NOW(), 1),
  (167, 6, '', '7.1', 71, '2014-09-18 00:00:00', 1, 'PC-Safari-7.1', '', '', '', '', NOW(), NOW(), 1),
  (168, 6, '', '8', 80, '2014-10-16 00:00:00', 1, 'PC-Safari-8', '', '', '', '', NOW(), NOW(), 1),
  (169, 6, '', '9', 90, '2015-10-01 00:00:00', 1, 'PC-Safari-9', '', '', '', '', NOW(), NOW(), 1),
  (170, 6, '', '9.1', 91, '2016-03-21 00:00:00', 1, 'PC-Safari-9.1', '', '', '', '', NOW(), NOW(), 1),
  (171, 6, '', '10', 100, '2016-09-20 00:00:00', 1, 'PC-Safari-10', '', '', '', '', NOW(), NOW(), 1),
  (172, 6, '', '10.1', 101, '2017-03-27 00:00:00', 1, 'PC-Safari-10.1', '', '', '', '', NOW(), NOW(), 1),
  (173, 6, '', '11', 110, '2017-09-19 00:00:00', 1, 'PC-Safari-11', '', '', '', '', NOW(), NOW(), 1),
  (174, 6, '', '11.1', 111, '2018-03-29 00:00:00', 1, 'PC-Safari-11.1', '', '', '', '', NOW(), NOW(), 1),
  (175, 6, '', '12', 12, '2018-09-17 00:00:00', 1, 'PC-Safari-12', '', '', '', '', NOW(), NOW(), 1),
  (176, 6, '', '12.1', 121, '2019-03-25 00:00:00', 1, 'PC-Safari-12.1', '', '', '', '', NOW(), NOW(), 1),
  (177, 5, '', '10.1', 101, '2009-09-01 00:00:00', 1, 'PC-Opera-10.1', '', '', '', '', NOW(), NOW(), 1),
  (178, 5, '', '11.5', 115, '2011-06-28 00:00:00', 1, 'PC-Opera-11.5', '', '', '', '', NOW(), NOW(), 1),
  (179, 5, '', '12.1', 121, '2012-11-05 00:00:00', 1, 'PC-Opera-12.1', '', '', '', '', NOW(), NOW(), 1),
  (180, 5, '', '15', 150, '2013-07-02 00:00:00', 1, 'PC-Opera-15', '', '', '', '', NOW(), NOW(), 1),
  (181, 5, '', '16', 160, '2013-08-27 00:00:00', 1, 'PC-Opera-16', '', '', '', '', NOW(), NOW(), 1),
  (182, 5, '', '17', 170, '2013-10-07 00:00:00', 1, 'PC-Opera-17', '', '', '', '', NOW(), NOW(), 1),
  (183, 5, '', '18', 180, '2013-12-06 00:00:00', 1, 'PC-Opera-18', '', '', '', '', NOW(), NOW(), 1),
  (184, 5, '', '19', 190, '2014-01-28 00:00:00', 1, 'PC-Opera-19', '', '', '', '', NOW(), NOW(), 1),
  (185, 5, '', '20', 200, '2014-03-04 00:00:00', 1, 'PC-Opera-20', '', '', '', '', NOW(), NOW(), 1),
  (186, 5, '', '21', 210, '2014-05-06 00:00:00', 1, 'PC-Opera-21', '', '', '', '', NOW(), NOW(), 1),
  (187, 5, '', '22', 220, '2014-06-03 00:00:00', 1, 'PC-Opera-22', '', '', '', '', NOW(), NOW(), 1),
  (188, 5, '', '23', 230, '2014-07-22 00:00:00', 1, 'PC-Opera-23', '', '', '', '', NOW(), NOW(), 1),
  (189, 5, '', '24', 240, '2014-09-02 00:00:00', 1, 'PC-Opera-24', '', '', '', '', NOW(), NOW(), 1),
  (190, 5, '', '25', 250, '2014-10-15 00:00:00', 1, 'PC-Opera-25', '', '', '', '', NOW(), NOW(), 1),
  (191, 5, '', '26', 260, '2014-11-28 00:00:00', 1, 'PC-Opera-26', '', '', '', '', NOW(), NOW(), 1),
  (192, 5, '', '27', 270, '2015-01-27 00:00:00', 1, 'PC-Opera-27', '', '', '', '', NOW(), NOW(), 1),
  (193, 5, '', '28', 280, '2015-03-10 00:00:00', 1, 'PC-Opera-28', '', '', '', '', NOW(), NOW(), 1),
  (194, 5, '', '29', 290, '2015-04-28 00:00:00', 1, 'PC-Opera-29', '', '', '', '', NOW(), NOW(), 1),
  (195, 5, '', '30', 300, '2015-06-09 00:00:00', 1, 'PC-Opera-30', '', '', '', '', NOW(), NOW(), 1),
  (196, 5, '', '31', 310, '2015-08-04 00:00:00', 1, 'PC-Opera-31', '', '', '', '', NOW(), NOW(), 1),
  (197, 5, '', '32', 320, '2015-09-17 00:00:00', 1, 'PC-Opera-32', '', '', '', '', NOW(), NOW(), 1),
  (198, 5, '', '33', 330, '2015-10-27 00:00:00', 1, 'PC-Opera-33', '', '', '', '', NOW(), NOW(), 1),
  (199, 5, '', '34', 340, '2015-12-03 00:00:00', 1, 'PC-Opera-34', '', '', '', '', NOW(), NOW(), 1),
  (200, 5, '', '35', 350, '2016-02-02 00:00:00', 1, 'PC-Opera-35', '', '', '', '', NOW(), NOW(), 1),
  (201, 5, '', '36', 360, '2016-03-07 00:00:00', 1, 'PC-Opera-36', '', '', '', '', NOW(), NOW(), 1),
  (202, 5, '', '37', 370, '2016-05-04 00:00:00', 1, 'PC-Opera-37', '', '', '', '', NOW(), NOW(), 1),
  (203, 5, '', '38', 380, '2016-06-08 00:00:00', 1, 'PC-Opera-38', '', '', '', '', NOW(), NOW(), 1),
  (204, 5, '', '39', 390, '2016-08-02 00:00:00', 1, 'PC-Opera-39', '', '', '', '', NOW(), NOW(), 1),
  (205, 5, '', '40', 400, '2016-09-20 00:00:00', 1, 'PC-Opera-40', '', '', '', '', NOW(), NOW(), 1),
  (206, 5, '', '41', 410, '2016-10-24 00:00:00', 1, 'PC-Opera-41', '', '', '', '', NOW(), NOW(), 1),
  (207, 5, '', '42', 420, '2016-12-13 00:00:00', 1, 'PC-Opera-42', '', '', '', '', NOW(), NOW(), 1),
  (208, 5, '', '43', 430, '2017-02-07 00:00:00', 1, 'PC-Opera-43', '', '', '', '', NOW(), NOW(), 1),
  (209, 5, '', '44', 440, '2017-03-21 00:00:00', 1, 'PC-Opera-44', '', '', '', '', NOW(), NOW(), 1),
  (210, 5, '', '45', 450, '2017-05-10 00:00:00', 1, 'PC-Opera-45', '', '', '', '', NOW(), NOW(), 1),
  (211, 5, '', '46', 460, '2017-06-21 00:00:00', 1, 'PC-Opera-46', '', '', '', '', NOW(), NOW(), 1),
  (212, 5, '', '47', 470, '2017-08-09 00:00:00', 1, 'PC-Opera-47', '', '', '', '', NOW(), NOW(), 1),
  (213, 5, '', '48', 480, '2017-09-27 00:00:00', 1, 'PC-Opera-48', '', '', '', '', NOW(), NOW(), 1),
  (214, 5, '', '49', 490, '2017-11-08 00:00:00', 1, 'PC-Opera-49', '', '', '', '', NOW(), NOW(), 1),
  (215, 5, '', '50', 500, '2018-01-04 00:00:00', 1, 'PC-Opera-50', '', '', '', '', NOW(), NOW(), 1),
  (216, 5, '', '51', 510, '2018-02-07 00:00:00', 1, 'PC-Opera-51', '', '', '', '', NOW(), NOW(), 1),
  (217, 5, '', '52', 520, '2018-03-22 00:00:00', 1, 'PC-Opera-52', '', '', '', '', NOW(), NOW(), 1),
  (218, 5, '', '53', 530, '2018-05-10 00:00:00', 1, 'PC-Opera-53', '', '', '', '', NOW(), NOW(), 1),
  (219, 5, '', '54', 540, '2018-06-28 00:00:00', 1, 'PC-Opera-54', '', '', '', '', NOW(), NOW(), 1),
  (220, 5, '', '55', 550, '2018-08-23 00:00:00', 1, 'PC-Opera-55', '', '', '', '', NOW(), NOW(), 1),
  (221, 5, '', '56', 560, '2018-09-25 00:00:00', 1, 'PC-Opera-56', '', '', '', '', NOW(), NOW(), 1),
  (222, 5, '', '57', 570, '2018-11-28 00:00:00', 1, 'PC-Opera-57', '', '', '', '', NOW(), NOW(), 1),
  (223, 5, '', '58', 580, '2019-01-23 00:00:00', 1, 'PC-Opera-58', '', '', '', '', NOW(), NOW(), 1),
  (224, 5, '', '60', 600, '2019-04-09 00:00:00', 1, 'PC-Opera-60', '', '', '', '', NOW(), NOW(), 1),
  (225, 5, '', '62', 620, '2019-06-27 00:00:00', 1, 'PC-Opera-62', '', '', '', '', NOW(), NOW(), 1),
  (226, 8, '', '3.2', 32, '2010-04-03 00:00:00', 1, 'Mobile-iOS Safari-3.2', '', '', '', '', NOW(), NOW(), 1),
  (227, 8, '', '4.1', 41, '2010-09-08 00:00:00', 1, 'Mobile-iOS Safari-4.1', '', '', '', '', NOW(), NOW(), 1),
  (228, 8, '', '4.3', 43, '2011-03-09 00:00:00', 1, 'Mobile-iOS Safari-4.3', '', '', '', '', NOW(), NOW(), 1),
  (229, 8, '', '5.1', 51, '2012-03-07 00:00:00', 1, 'Mobile-iOS Safari-5.1', '', '', '', '', NOW(), NOW(), 1),
  (230, 8, '', '6.1', 61, '2013-01-28 00:00:00', 1, 'Mobile-iOS Safari-6.1', '', '', '', '', NOW(), NOW(), 1),
  (231, 8, '', '7.1', 71, '2014-03-10 00:00:00', 1, 'Mobile-iOS Safari-7.1', '', '', '', '', NOW(), NOW(), 1),
  (232, 8, '', '8', 80, '2014-09-17 00:00:00', 1, 'Mobile-iOS Safari-8', '', '', '', '', NOW(), NOW(), 1),
  (233, 8, '', '8.4', 84, '2014-10-20 00:00:00', 1, 'Mobile-iOS Safari-8.4', '', '', '', '', NOW(), NOW(), 1),
  (234, 8, '', '9.2', 92, '2015-09-16 00:00:00', 1, 'Mobile-iOS Safari-9.2', '', '', '', '', NOW(), NOW(), 1),
  (235, 8, '', '9.3', 93, '2016-03-21 00:00:00', 1, 'Mobile-iOS Safari-9.3', '', '', '', '', NOW(), NOW(), 1),
  (236, 8, '', '10.2', 102, '2016-09-13 00:00:00', 1, 'Mobile-iOS Safari-10.2', '', '', '', '', NOW(), NOW(), 1),
  (237, 8, '', '10.3', 103, '2017-03-27 00:00:00', 1, 'Mobile-iOS Safari-10.3', '', '', '', '', NOW(), NOW(), 1),
  (238, 8, '', '11.2', 112, '2017-09-19 00:00:00', 1, 'Mobile-iOS Safari-11.2', '', '', '', '', NOW(), NOW(), 1),
  (239, 8, '', '11.4', 114, '2018-03-29 00:00:00', 1, 'Mobile-iOS Safari-11.4', '', '', '', '', NOW(), NOW(), 1),
  (240, 8, '', '12.1', 121, '2018-09-17 00:00:00', 1, 'Mobile-iOS Safari-12.1', '', '', '', '', NOW(), NOW(), 1),
  (241, 8, '', '12.3', 123, '2019-03-25 00:00:00', 1, 'Mobile-iOS Safari-12.3', '', '', '', '', NOW(), NOW(), 1),
  (242, 7, '', '2.1', 210, '2009-10-26 00:00:00', 1, 'Mobile-Android Webview-2.1', '', '', '', '', NOW(), NOW(), 1),
  (243, 7, '', '2.2', 220, '2010-05-20 00:00:00', 1, 'Mobile-Android Webview-2.2', '', '', '', '', NOW(), NOW(), 1),
  (244, 7, '', '2.3', 230, '2010-12-06 00:00:00', 1, 'Mobile-Android Webview-2.3', '', '', '', '', NOW(), NOW(), 1),
  (245, 7, '', '3', 300, '2011-02-22 00:00:00', 1, 'Mobile-Android Webview-3', '', '', '', '', NOW(), NOW(), 1),
  (246, 7, '', '4', 400, '2011-10-18 00:00:00', 1, 'Mobile-Android Webview-4', '', '', '', '', NOW(), NOW(), 1),
  (247, 7, '', '4.1', 410, '2012-07-09 00:00:00', 1, 'Mobile-Android Webview-4.1', '', '', '', '', NOW(), NOW(), 1),
  (248, 7, '', '4.3', 430, '2013-07-24 00:00:00', 1, 'Mobile-Android Webview-4.3', '', '', '', '', NOW(), NOW(), 1),
  (249, 7, '', '4.4', 440, '2013-12-09 00:00:00', 1, 'Mobile-Android Webview-4.4', '', '', '', '', NOW(), NOW(), 1),
  (250, 7, '', '4.4.4', 444, '2014-06-02 00:00:00', 1, 'Mobile-Android Webview-4.4.4', '', '', '', '', NOW(), NOW(), 1),
  (251, 7, '', '67', 670, '2017-05-07 00:00:00', 1, 'Mobile-Android Webview-67', '', '', '', '', NOW(), NOW(), 1),
  (252, 9, '', '4', 40, '2016-04-19 00:00:00', 1, 'Mobile-Samsung Internet-4', '', '', '', '', NOW(), NOW(), 1),
  (253, 9, '', '5.4', 54, '2016-12-16 00:00:00', 1, 'Mobile-Samsung Internet-5.4', '', '', '', '', NOW(), NOW(), 1),
  (254, 9, '', '6.4', 64, '2017-10-31 00:00:00', 1, 'Mobile-Samsung Internet-6.4', '', '', '', '', NOW(), NOW(), 1),
  (255, 9, '', '7.4', 74, '2018-06-07 00:00:00', 1, 'Mobile-Samsung Internet-7.4', '', '', '', '', NOW(), NOW(), 1),
  (256, 9, '', '8.2', 82, '2018-12-30 00:00:00', 1, 'Mobile-Samsung Internet-8.2', '', '', '', '', NOW(), NOW(), 1),
  (257, 9, '', '9.2', 92, '2019-04-02 00:00:00', 1, 'Mobile-Samsung Internet-9.2', '', '', '', '', NOW(), NOW(), 1),
  (258, 10, '', '4', 40, '2015-09-08 00:00:00', 1, 'Server-Node.js-4', '', '', '', '', NOW(), NOW(), 1),
  (259, 10, '', '6', 60, '2016-04-26 00:00:00', 1, 'Server-Node.js-6', '', '', '', '', NOW(), NOW(), 1),
  (260, 10, '', '8', 80, '2017-05-30 00:00:00', 1, 'Server-Node.js-8', '', '', '', '', NOW(), NOW(), 1),
  (261, 10, '', '10', 100, '2018-04-24 00:00:00', 1, 'Server-Node.js-10', '', '', '', '', NOW(), NOW(), 1);
/*!40000 ALTER TABLE `t_brs_browser_version` ENABLE KEYS */;


TRUNCATE TABLE t_lan_language;
/*!40000 ALTER TABLE `t_lan_language` DISABLE KEYS */;
INSERT INTO `t_lan_language` (`id`, `code`, `name`, `state`, `description`, `ext_1`, `ext_2`, `ext_3`, `ext_4`, `meta_created`, `meta_updated`, `meta_logic_flag`) VALUES
  (1, '', 'HTML', 1, '', '', '', '', '', NOW(), NOW(), 1),
  (2, '', 'CSS', 1, '', '', '', '', '', NOW(), NOW(), 1),
  (3, '', 'JavaScript', 1, '', '', '', '', '', NOW(), NOW(), 1);
/*!40000 ALTER TABLE `t_lan_language` ENABLE KEYS */;


TRUNCATE TABLE t_kng_knowledge_category;
/*!40000 ALTER TABLE `t_kng_knowledge_category` DISABLE KEYS */;
INSERT INTO `t_kng_knowledge_category` (`id`, `parent_id`, `level`, `path`, `code`, `name`, `priority`, `state`, `description`, `ext_1`, `ext_2`, `ext_3`, `ext_4`, `meta_created`, `meta_updated`, `meta_logic_flag`) VALUES
  (1, 1, 1, '1', 'ROOT', '根节点', 1, 1, '根节点', '', '', '', '', NOW(), NOW(), 1),
  
  (2, 1, 2, '1|2', 'WD1', '维度一', 1, 1, '根节点-维度一', '', '', '', '', NOW(), NOW(), 1),

  (3, 2, 3, '1|2|3', 'HTML', 'HTML', 1, 1, '根节点-维度一-HTML', '', '', '', '', NOW(), NOW(), 1),
  (4, 2, 3, '1|2|4', 'CSS', 'CSS', 1, 1, '根节点-维度一-CSS', '', '', '', '', NOW(), NOW(), 1),
  (5, 2, 3, '1|2|5', 'JAVASCRIPT', 'JavaScript', 1, 1, '根节点-维度一-JavaScript', '', '', '', '', NOW(), NOW(), 1),
  (6, 2, 3, '1|2|6', 'WEBAPI', 'Web API', 1, 1, '根节点-维度一-Web API', '', '', '', '', NOW(), NOW(), 1),

  (7, 4, 4, '1|2|4|7', 'SELECTOR', '选择器', 1, 1, '根节点-维度一-CSS-选择器', '', '', '', '', NOW(), NOW(), 1),
  (8, 4, 4, '1|2|4|8', 'PROPERTY', '属性', 1, 1, '根节点-维度一-CSS-属性', '', '', '', '', NOW(), NOW(), 1),
  (9, 4, 4, '1|2|4|9', 'UNIT', '单位', 1, 1, '根节点-维度一-CSS-单位', '', '', '', '', NOW(), NOW(), 1),
  (10, 4, 4, '1|2|4|10', 'COLOR', '颜色', 1, 1, '根节点-维度一-CSS-颜色', '', '', '', '', NOW(), NOW(), 1);
/*!40000 ALTER TABLE `t_kng_knowledge_category` ENABLE KEYS */;


TRUNCATE TABLE t_kng_knowledge;
-- /*!40000 ALTER TABLE `t_kng_knowledge` DISABLE KEYS */;
-- INSERT INTO `t_kng_knowledge` (`id`, `code`, `name`, `state`, `description`, `ext_1`, `ext_2`, `ext_3`, `ext_4`, `meta_created`, `meta_updated`, `meta_logic_flag`) VALUES
--   (1, '', 'align-content', 1, '', '', '', '', '', NOW(), NOW(), 1),
--   (2, '', 'align-items', 1, '', '', '', '', '', NOW(), NOW(), 1),
--   (3, '', 'align-self', 1, '', '', '', '', '', NOW(), NOW(), 1);
-- /*!40000 ALTER TABLE `t_kng_knowledge` ENABLE KEYS */;


TRUNCATE TABLE t_kng_knowledge_language;
-- /*!40000 ALTER TABLE `t_kng_knowledge_language` DISABLE KEYS */;
-- INSERT INTO `t_kng_knowledge_language` (`id`, `language_id`, `knowledge_id`, `state`, `description`, `ext_1`, `ext_2`, `ext_3`, `ext_4`, `meta_created`, `meta_updated`, `meta_logic_flag`) VALUES
--   (1, 2, 1, 1, 'CSS:align-content', '', '', '', '', NOW(), NOW(), 1),
--   (2, 2, 2, 1, 'CSS:align-items', '', '', '', '', NOW(), NOW(), 1),
--   (3, 2, 3, 1, 'CSS:align-self', '', '', '', '', NOW(), NOW(), 1);
-- /*!40000 ALTER TABLE `t_kng_knowledge_language` ENABLE KEYS */;


TRUNCATE TABLE t_kng_knowledge_browser_version;
-- /*!40000 ALTER TABLE `t_kng_knowledge_browser_version` DISABLE KEYS */;
-- INSERT INTO `t_kng_knowledge_browser_version` (`id`, `knowledge_id`, `full_support_browser_version_id`, `hack_support_browser_version_id`, `state`, `description`, `ext_1`, `ext_2`, `ext_3`, `ext_4`, `meta_created`, `meta_updated`, `meta_logic_flag`) VALUES
--   (1, 1, 10, 0, 1, 'align-content:PC-Internet Explorer-9', '', '', '', '', NOW(), NOW(), 1),
--   (2, 2, 11, 0, 1, 'align-items:PC-Internet Explorer-10', '', '', '', '', NOW(), NOW(), 1),
--   (3, 3, 9, 0, 1, 'align-self:PC-Internet Explorer-8', '', '', '', '', NOW(), NOW(), 1),
--   (4, 1, 15, 0, 1, 'align-content:PC-Chrome-1', '', '', '', '', NOW(), NOW(), 1);
-- /*!40000 ALTER TABLE `t_kng_knowledge_browser_version` ENABLE KEYS */;


TRUNCATE TABLE t_kng_knowledge_knowledge_category;

TRUNCATE TABLE t_kng_knowledge_relation;







