TRUNCATE TABLE t_brs_browser_type;
/*!40000 ALTER TABLE `t_brs_browser_type` DISABLE KEYS */;
INSERT INTO `t_brs_browser_type` (`id`, `code`, `name`, `state`, `description`, `ext_1`, `ext_2`, `ext_3`, `ext_4`, `meta_created`, `meta_updated`, `meta_logic_flag`) VALUES
  (1, '', 'desktop', 1, 'desktop', '', '', '', '', NOW(), NOW(), 1),
  (2, '', 'mobile', 1, 'mobile', '', '', '', '', NOW(), NOW(), 1),
  (3, '', 'server', 1, 'server', '', '', '', '', NOW(), NOW(), 1),
  (4, '', 'webextensions-desktop', 1, 'webextensions-desktop', '', '', '', '', NOW(), NOW(), 1),
  (5, '', 'webextensions-mobile', 1, 'webextensions-mobile', '', '', '', '', NOW(), NOW(), 1);
/*!40000 ALTER TABLE `t_brs_browser_type` ENABLE KEYS */;


TRUNCATE TABLE t_brs_browser;
/*!40000 ALTER TABLE `t_brs_browser` DISABLE KEYS */;
INSERT INTO `t_brs_browser` (`id`, `browser_type_id`, `code`, `name`, `state`, `description`, `ext_1`, `ext_2`, `ext_3`, `ext_4`, `meta_created`, `meta_updated`, `meta_logic_flag`) VALUES
  (1, 1, '', 'chrome', 1, 'desktop-chrome', '', '', '', '', NOW(), NOW(), 1),
  (2, 1, '', 'edge', 1, 'desktop-edge', '', '', '', '', NOW(), NOW(), 1),
  (3, 1, '', 'firefox', 1, 'desktop-firefox', '', '', '', '', NOW(), NOW(), 1),
  (4, 1, '', 'ie', 1, 'desktop-ie', '', '', '', '', NOW(), NOW(), 1),
  (5, 1, '', 'opera', 1, 'desktop-opera', '', '', '', '', NOW(), NOW(), 1),
  (6, 1, '', 'safari', 1, 'desktop-safari', '', '', '', '', NOW(), NOW(), 1),
  (7, 2, '', 'webview_android', 1, 'mobile-webview_android', '', '', '', '', NOW(), NOW(), 1),
  (8, 2, '', 'chrome_android', 1, 'mobile-chrome_android', '', '', '', '', NOW(), NOW(), 1),
  (9, 2, '', 'firefox_android', 1, 'mobile-firefox_android', '', '', '', '', NOW(), NOW(), 1),
  (10, 2, '', 'opera_android', 1, 'mobile-opera_android', '', '', '', '', NOW(), NOW(), 1),
  (11, 2, '', 'safari_ios', 1, 'mobile-safari_ios', '', '', '', '', NOW(), NOW(), 1),
  (12, 2, '', 'samsunginternet_android', 1, 'mobile-samsunginternet_android', '', '', '', '', NOW(), NOW(), 1),
  (13, 2, '', 'qq_android', 1, 'mobile-qq_android', '', '', '', '', NOW(), NOW(), 1),
  (14, 2, '', 'uc_android', 1, 'mobile-uc_android', '', '', '', '', NOW(), NOW(), 1),
  (15, 2, '', 'uc_chinese_android', 1, 'mobile-uc_chinese_android', '', '', '', '', NOW(), NOW(), 1),
  (16, 3, '', 'nodejs', 1, 'server-nodejs', '', '', '', '', NOW(), NOW(), 1);
/*!40000 ALTER TABLE `t_brs_browser` ENABLE KEYS */;


TRUNCATE TABLE t_brs_browser_version;
/*!40000 ALTER TABLE `t_brs_browser_version` DISABLE KEYS */;
INSERT INTO `t_brs_browser_version` (`id`, `browser_id`, `code`, `name`, `version`, `release_date`, `release_notes`, `status`, `engine`, `engine_version`, `state`, `description`, `ext_1`, `ext_2`, `ext_3`, `ext_4`, `meta_created`, `meta_updated`, `meta_logic_flag`) VALUES
  (1, 1, '', 'No', 1, '1900-01-01 00:00:00', '', '', '', '', 1, 'desktop-chrome', '', '', '', '', NOW(), NOW(), 1),
  (2, 1, '', 'Yes', 2, '1900-01-01 00:00:00', '', '', '', '', 1, 'desktop-chrome', '', '', '', '', NOW(), NOW(), 1),
  (3, 1, '', '?', 3, '1900-01-01 00:00:00', '', '', '', '', 1, 'desktop-chrome', '', '', '', '', NOW(), NOW(), 1),
  (4, 1, '', '1', 10, '2008-12-11 00:00:00', 'https://chromereleases.googleblog.com/2008/12/stable-release-google-chrome-is-out-of.html', 'retired', 'WebKit', '528', 1, 'desktop-chrome-1', '', '', '', '', NOW(), NOW(), 1),
  (5, 1, '', '2', 20, '2009-05-21 00:00:00', 'https://chromereleases.googleblog.com/2009/05/stable-update-google-chrome-2017228.html', 'retired', 'WebKit', '530', 1, 'desktop-chrome-2', '', '', '', '', NOW(), NOW(), 1),
  (6, 1, '', '3', 30, '2009-09-15 00:00:00', 'https://chromereleases.googleblog.com/2009/09/stable-channel-update.html', 'retired', 'WebKit', '532', 1, 'desktop-chrome-3', '', '', '', '', NOW(), NOW(), 1),
  (7, 1, '', '4', 40, '2010-01-25 00:00:00', 'https://chromereleases.googleblog.com/2010/01/stable-channel-update_25.html', 'retired', 'WebKit', '532.5', 1, 'desktop-chrome-4', '', '', '', '', NOW(), NOW(), 1),
  (8, 1, '', '5', 50, '2010-05-25 00:00:00', 'https://chromereleases.googleblog.com/2010/05/stable-channel-update.html', 'retired', 'WebKit', '533', 1, 'desktop-chrome-5', '', '', '', '', NOW(), NOW(), 1),
  (9, 1, '', '6', 60, '2010-09-02 00:00:00', 'https://chromereleases.googleblog.com/2010/09/stable-and-beta-channel-updates.html', 'retired', 'WebKit', '534.3', 1, 'desktop-chrome-6', '', '', '', '', NOW(), NOW(), 1),
  (10, 1, '', '7', 70, '2010-10-19 00:00:00', 'https://chromereleases.googleblog.com/2010/10/stable-channel-update.html', 'retired', 'WebKit', '534.7', 1, 'desktop-chrome-7', '', '', '', '', NOW(), NOW(), 1),
  (11, 1, '', '8', 80, '2010-12-02 00:00:00', 'https://chromereleases.googleblog.com/2010/12/stable-beta-channel-updates.html', 'retired', 'WebKit', '534.10', 1, 'desktop-chrome-8', '', '', '', '', NOW(), NOW(), 1),
  (12, 1, '', '9', 90, '2011-02-03 00:00:00', 'https://chromereleases.googleblog.com/2011/02/stable-channel-update.html', 'retired', 'WebKit', '534.13', 1, 'desktop-chrome-9', '', '', '', '', NOW(), NOW(), 1),
  (13, 1, '', '10', 100, '2011-03-08 00:00:00', 'https://chromereleases.googleblog.com/2011/03/chrome-stable-release.html', 'retired', 'WebKit', '534.16', 1, 'desktop-chrome-10', '', '', '', '', NOW(), NOW(), 1),
  (14, 1, '', '11', 110, '2011-04-27 00:00:00', 'https://chromereleases.googleblog.com/2011/04/chrome-stable-update.html', 'retired', 'WebKit', '534.24', 1, 'desktop-chrome-11', '', '', '', '', NOW(), NOW(), 1),
  (15, 1, '', '12', 120, '2011-06-07 00:00:00', 'https://chromereleases.googleblog.com/2011/06/chrome-stable-release.html', 'retired', 'WebKit', '534.30', 1, 'desktop-chrome-12', '', '', '', '', NOW(), NOW(), 1),
  (16, 1, '', '13', 130, '2011-08-02 00:00:00', 'https://chromereleases.googleblog.com/2011/08/stable-channel-update.html', 'retired', 'WebKit', '535.1', 1, 'desktop-chrome-13', '', '', '', '', NOW(), NOW(), 1),
  (17, 1, '', '14', 140, '2011-09-16 00:00:00', 'https://chromereleases.googleblog.com/2011/09/stable-channel-update_16.html', 'retired', 'WebKit', '535.1', 1, 'desktop-chrome-14', '', '', '', '', NOW(), NOW(), 1),
  (18, 1, '', '15', 150, '2011-10-25 00:00:00', 'https://chromereleases.googleblog.com/2011/10/chrome-stable-release.html', 'retired', 'WebKit', '535.2', 1, 'desktop-chrome-15', '', '', '', '', NOW(), NOW(), 1),
  (19, 1, '', '16', 160, '2011-12-13 00:00:00', 'https://chromereleases.googleblog.com/2011/12/stable-channel-update.html', 'retired', 'WebKit', '535.7', 1, 'desktop-chrome-16', '', '', '', '', NOW(), NOW(), 1),
  (20, 1, '', '17', 170, '2012-02-08 00:00:00', 'https://chromereleases.googleblog.com/2012/02/stable-channel-update.html', 'retired', 'WebKit', '535.11', 1, 'desktop-chrome-17', '', '', '', '', NOW(), NOW(), 1),
  (21, 1, '', '18', 180, '2012-03-28 00:00:00', 'https://chromereleases.googleblog.com/2012/03/stable-channel-release-and-beta-channel.html', 'retired', 'WebKit', '535.19', 1, 'desktop-chrome-18', '', '', '', '', NOW(), NOW(), 1),
  (22, 1, '', '19', 190, '2012-05-15 00:00:00', 'https://chromereleases.googleblog.com/2012/05/stable-channel-update.html', 'retired', 'WebKit', '536.5', 1, 'desktop-chrome-19', '', '', '', '', NOW(), NOW(), 1),
  (23, 1, '', '20', 200, '2012-06-26 00:00:00', 'https://chromereleases.googleblog.com/2012/06/stable-channel-update_26.html', 'retired', 'WebKit', '536.10', 1, 'desktop-chrome-20', '', '', '', '', NOW(), NOW(), 1),
  (24, 1, '', '21', 210, '2012-07-31 00:00:00', 'https://chromereleases.googleblog.com/2012/07/stable-channel-release.html', 'retired', 'WebKit', '537.1', 1, 'desktop-chrome-21', '', '', '', '', NOW(), NOW(), 1),
  (25, 1, '', '22', 220, '2012-09-25 00:00:00', 'https://chromereleases.googleblog.com/2012/09/stable-channel-update_25.html', 'retired', 'WebKit', '537.4', 1, 'desktop-chrome-22', '', '', '', '', NOW(), NOW(), 1),
  (26, 1, '', '23', 230, '2012-11-06 00:00:00', 'https://chromereleases.googleblog.com/2012/11/stable-channel-release-and-beta-channel.html', 'retired', 'WebKit', '537.11', 1, 'desktop-chrome-23', '', '', '', '', NOW(), NOW(), 1),
  (27, 1, '', '24', 240, '2013-01-10 00:00:00', 'https://chromereleases.googleblog.com/2013/01/stable-channel-update.html', 'retired', 'WebKit', '537.17', 1, 'desktop-chrome-24', '', '', '', '', NOW(), NOW(), 1),
  (28, 1, '', '25', 250, '2013-02-21 00:00:00', 'https://chromereleases.googleblog.com/2013/02/stable-channel-update_21.html', 'retired', 'WebKit', '537.22', 1, 'desktop-chrome-25', '', '', '', '', NOW(), NOW(), 1),
  (29, 1, '', '26', 260, '2013-03-26 00:00:00', 'https://chromereleases.googleblog.com/2013/03/stable-channel-update_26.html', 'retired', 'WebKit', '537.31', 1, 'desktop-chrome-26', '', '', '', '', NOW(), NOW(), 1),
  (30, 1, '', '27', 270, '2013-05-21 00:00:00', 'https://chromereleases.googleblog.com/2013/05/stable-channel-release.html', 'retired', 'WebKit', '537.36', 1, 'desktop-chrome-27', '', '', '', '', NOW(), NOW(), 1),
  (31, 1, '', '28', 280, '2013-07-09 00:00:00', 'https://chromereleases.googleblog.com/2013/07/stable-channel-update.html', 'retired', 'Blink', '28', 1, 'desktop-chrome-28', '', '', '', '', NOW(), NOW(), 1),
  (32, 1, '', '29', 290, '2013-08-20 00:00:00', 'https://chromereleases.googleblog.com/2013/08/stable-channel-update.html', 'retired', 'Blink', '29', 1, 'desktop-chrome-29', '', '', '', '', NOW(), NOW(), 1),
  (33, 1, '', '30', 300, '2013-10-01 00:00:00', 'https://chromereleases.googleblog.com/2013/10/stable-channel-update.html', 'retired', 'Blink', '30', 1, 'desktop-chrome-30', '', '', '', '', NOW(), NOW(), 1),
  (34, 1, '', '31', 310, '2013-11-12 00:00:00', 'https://chromereleases.googleblog.com/2013/11/stable-channel-update.html', 'retired', 'Blink', '31', 1, 'desktop-chrome-31', '', '', '', '', NOW(), NOW(), 1),
  (35, 1, '', '32', 320, '2014-01-14 00:00:00', 'https://chromereleases.googleblog.com/2014/01/stable-channel-update.html', 'retired', 'Blink', '32', 1, 'desktop-chrome-32', '', '', '', '', NOW(), NOW(), 1),
  (36, 1, '', '33', 330, '2014-02-20 00:00:00', 'https://chromereleases.googleblog.com/2014/02/stable-channel-update_20.html', 'retired', 'Blink', '33', 1, 'desktop-chrome-33', '', '', '', '', NOW(), NOW(), 1),
  (37, 1, '', '34', 340, '2014-04-08 00:00:00', 'https://chromereleases.googleblog.com/2014/04/stable-channel-update.html', 'retired', 'Blink', '34', 1, 'desktop-chrome-34', '', '', '', '', NOW(), NOW(), 1),
  (38, 1, '', '35', 350, '2014-05-20 00:00:00', 'https://chromereleases.googleblog.com/2014/05/stable-channel-update_20.html', 'retired', 'Blink', '35', 1, 'desktop-chrome-35', '', '', '', '', NOW(), NOW(), 1),
  (39, 1, '', '36', 360, '2014-07-16 00:00:00', 'https://chromereleases.googleblog.com/2014/07/stable-channel-update.html', 'retired', 'Blink', '36', 1, 'desktop-chrome-36', '', '', '', '', NOW(), NOW(), 1),
  (40, 1, '', '37', 370, '2014-08-26 00:00:00', 'https://chromereleases.googleblog.com/2014/08/stable-channel-update_26.html', 'retired', 'Blink', '37', 1, 'desktop-chrome-37', '', '', '', '', NOW(), NOW(), 1),
  (41, 1, '', '38', 380, '2014-10-07 00:00:00', 'https://chromereleases.googleblog.com/2014/10/stable-channel-update.html', 'retired', 'Blink', '38', 1, 'desktop-chrome-38', '', '', '', '', NOW(), NOW(), 1),
  (42, 1, '', '39', 390, '2014-11-18 00:00:00', 'https://chromereleases.googleblog.com/2014/11/stable-channel-update_18.html', 'retired', 'Blink', '39', 1, 'desktop-chrome-39', '', '', '', '', NOW(), NOW(), 1),
  (43, 1, '', '40', 400, '2015-01-21 00:00:00', 'https://chromereleases.googleblog.com/2015/01/stable-update.html', 'retired', 'Blink', '40', 1, 'desktop-chrome-40', '', '', '', '', NOW(), NOW(), 1),
  (44, 1, '', '41', 410, '2015-03-03 00:00:00', 'https://chromereleases.googleblog.com/2015/03/stable-channel-update.html', 'retired', 'Blink', '41', 1, 'desktop-chrome-41', '', '', '', '', NOW(), NOW(), 1),
  (45, 1, '', '42', 420, '2015-04-14 00:00:00', 'https://chromereleases.googleblog.com/2015/04/stable-channel-update_14.html', 'retired', 'Blink', '42', 1, 'desktop-chrome-42', '', '', '', '', NOW(), NOW(), 1),
  (46, 1, '', '43', 430, '2015-05-19 00:00:00', 'https://chromereleases.googleblog.com/2015/05/stable-channel-update_19.html', 'retired', 'Blink', '43', 1, 'desktop-chrome-43', '', '', '', '', NOW(), NOW(), 1),
  (47, 1, '', '44', 440, '2015-07-21 00:00:00', 'https://chromereleases.googleblog.com/2015/07/stable-channel-update_21.html', 'retired', 'Blink', '44', 1, 'desktop-chrome-44', '', '', '', '', NOW(), NOW(), 1),
  (48, 1, '', '45', 450, '2015-09-01 00:00:00', 'https://chromereleases.googleblog.com/2015/09/stable-channel-update.html', 'retired', 'Blink', '45', 1, 'desktop-chrome-45', '', '', '', '', NOW(), NOW(), 1),
  (49, 1, '', '46', 460, '2015-10-13 00:00:00', 'https://chromereleases.googleblog.com/2015/10/stable-channel-update.html', 'retired', 'Blink', '46', 1, 'desktop-chrome-46', '', '', '', '', NOW(), NOW(), 1),
  (50, 1, '', '47', 470, '2015-12-01 00:00:00', 'https://chromereleases.googleblog.com/2015/12/stable-channel-update.html', 'retired', 'Blink', '47', 1, 'desktop-chrome-47', '', '', '', '', NOW(), NOW(), 1),
  (51, 1, '', '48', 480, '2016-01-20 00:00:00', 'https://chromereleases.googleblog.com/2016/01/stable-channel-update_20.html', 'retired', 'Blink', '48', 1, 'desktop-chrome-48', '', '', '', '', NOW(), NOW(), 1),
  (52, 1, '', '49', 490, '2016-03-02 00:00:00', 'https://chromereleases.googleblog.com/2016/03/stable-channel-update.html', 'retired', 'Blink', '49', 1, 'desktop-chrome-49', '', '', '', '', NOW(), NOW(), 1),
  (53, 1, '', '50', 500, '2016-04-13 00:00:00', 'https://chromereleases.googleblog.com/2016/04/stable-channel-update_13.html', 'retired', 'Blink', '50', 1, 'desktop-chrome-50', '', '', '', '', NOW(), NOW(), 1),
  (54, 1, '', '51', 510, '2016-05-25 00:00:00', 'https://chromereleases.googleblog.com/2016/05/stable-channel-update_25.html', 'retired', 'Blink', '51', 1, 'desktop-chrome-51', '', '', '', '', NOW(), NOW(), 1),
  (55, 1, '', '52', 520, '2016-07-20 00:00:00', 'https://chromereleases.googleblog.com/2016/07/stable-channel-update.html', 'retired', 'Blink', '52', 1, 'desktop-chrome-52', '', '', '', '', NOW(), NOW(), 1),
  (56, 1, '', '53', 530, '2016-08-31 00:00:00', 'https://chromereleases.googleblog.com/2016/08/stable-channel-update-for-desktop_31.html', 'retired', 'Blink', '53', 1, 'desktop-chrome-53', '', '', '', '', NOW(), NOW(), 1),
  (57, 1, '', '54', 540, '2016-10-12 00:00:00', 'https://chromereleases.googleblog.com/2016/10/stable-channel-update-for-desktop.html', 'retired', 'Blink', '54', 1, 'desktop-chrome-54', '', '', '', '', NOW(), NOW(), 1),
  (58, 1, '', '55', 550, '2016-12-01 00:00:00', 'https://chromereleases.googleblog.com/2016/12/stable-channel-update-for-desktop.html', 'retired', 'Blink', '55', 1, 'desktop-chrome-55', '', '', '', '', NOW(), NOW(), 1),
  (59, 1, '', '56', 560, '2017-01-25 00:00:00', 'https://chromereleases.googleblog.com/2017/01/stable-channel-update-for-desktop.html', 'retired', 'Blink', '56', 1, 'desktop-chrome-56', '', '', '', '', NOW(), NOW(), 1),
  (60, 1, '', '57', 570, '2017-03-09 00:00:00', 'https://chromereleases.googleblog.com/2017/03/stable-channel-update-for-desktop.html', 'retired', 'Blink', '57', 1, 'desktop-chrome-57', '', '', '', '', NOW(), NOW(), 1),
  (61, 1, '', '58', 580, '2017-04-19 00:00:00', 'https://chromereleases.googleblog.com/2017/04/stable-channel-update-for-desktop.html', 'retired', 'Blink', '58', 1, 'desktop-chrome-58', '', '', '', '', NOW(), NOW(), 1),
  (62, 1, '', '59', 590, '2017-06-05 00:00:00', 'https://chromereleases.googleblog.com/2017/06/stable-channel-update-for-desktop.html', 'retired', 'Blink', '59', 1, 'desktop-chrome-59', '', '', '', '', NOW(), NOW(), 1),
  (63, 1, '', '60', 600, '2017-07-25 00:00:00', 'https://chromereleases.googleblog.com/2017/07/stable-channel-update-for-desktop.html', 'retired', 'Blink', '60', 1, 'desktop-chrome-60', '', '', '', '', NOW(), NOW(), 1),
  (64, 1, '', '61', 610, '2017-09-05 00:00:00', 'https://chromereleases.googleblog.com/2017/09/stable-channel-update-for-desktop.html', 'retired', 'Blink', '61', 1, 'desktop-chrome-61', '', '', '', '', NOW(), NOW(), 1),
  (65, 1, '', '62', 620, '2017-10-17 00:00:00', 'https://chromereleases.googleblog.com/2017/10/stable-channel-update-for-desktop.html', 'retired', 'Blink', '62', 1, 'desktop-chrome-62', '', '', '', '', NOW(), NOW(), 1),
  (66, 1, '', '63', 630, '2017-12-06 00:00:00', 'https://chromereleases.googleblog.com/2017/12/stable-channel-update-for-desktop.html', 'retired', 'Blink', '63', 1, 'desktop-chrome-63', '', '', '', '', NOW(), NOW(), 1),
  (67, 1, '', '64', 640, '2018-01-23 00:00:00', 'https://chromereleases.googleblog.com/2018/01/stable-channel-update-for-desktop_24.html', 'retired', 'Blink', '64', 1, 'desktop-chrome-64', '', '', '', '', NOW(), NOW(), 1),
  (68, 1, '', '65', 650, '2018-03-06 00:00:00', 'https://chromereleases.googleblog.com/2018/03/stable-channel-update-for-desktop.html', 'retired', 'Blink', '65', 1, 'desktop-chrome-65', '', '', '', '', NOW(), NOW(), 1),
  (69, 1, '', '66', 660, '2018-04-17 00:00:00', 'https://chromereleases.googleblog.com/2018/04/stable-channel-update-for-desktop.html', 'retired', 'Blink', '66', 1, 'desktop-chrome-66', '', '', '', '', NOW(), NOW(), 1),
  (70, 1, '', '67', 670, '2018-05-29 00:00:00', 'https://chromereleases.googleblog.com/2018/05/stable-channel-update-for-desktop_58.html', 'retired', 'Blink', '67', 1, 'desktop-chrome-67', '', '', '', '', NOW(), NOW(), 1),
  (71, 1, '', '68', 680, '2018-07-24 00:00:00', 'https://chromereleases.googleblog.com/2018/07/stable-channel-update-for-desktop.html', 'retired', 'Blink', '68', 1, 'desktop-chrome-68', '', '', '', '', NOW(), NOW(), 1),
  (72, 1, '', '69', 690, '2018-09-04 00:00:00', 'https://chromereleases.googleblog.com/2018/09/stable-channel-update-for-desktop.html', 'retired', 'Blink', '69', 1, 'desktop-chrome-69', '', '', '', '', NOW(), NOW(), 1),
  (73, 1, '', '70', 700, '2018-10-16 00:00:00', 'https://chromereleases.googleblog.com/2018/10/stable-channel-update-for-desktop.html', 'retired', 'Blink', '70', 1, 'desktop-chrome-70', '', '', '', '', NOW(), NOW(), 1),
  (74, 1, '', '71', 710, '2018-12-04 00:00:00', 'https://chromereleases.googleblog.com/2018/12/stable-channel-update-for-desktop.html', 'retired', 'Blink', '71', 1, 'desktop-chrome-71', '', '', '', '', NOW(), NOW(), 1),
  (75, 1, '', '72', 720, '2019-01-29 00:00:00', 'https://chromereleases.googleblog.com/2019/01/stable-channel-update-for-desktop.html', 'retired', 'Blink', '72', 1, 'desktop-chrome-72', '', '', '', '', NOW(), NOW(), 1),
  (76, 1, '', '73', 730, '2019-03-12 00:00:00', 'https://chromereleases.googleblog.com/2019/03/stable-channel-update-for-desktop_12.html', 'retired', 'Blink', '73', 1, 'desktop-chrome-73', '', '', '', '', NOW(), NOW(), 1),
  (77, 1, '', '74', 740, '2019-04-23 00:00:00', 'https://chromereleases.googleblog.com/2019/04/stable-channel-update-for-desktop_23.html', 'retired', 'Blink', '74', 1, 'desktop-chrome-74', '', '', '', '', NOW(), NOW(), 1),
  (78, 1, '', '75', 750, '2019-06-04 00:00:00', 'https://chromereleases.googleblog.com/2019/06/stable-channel-update-for-desktop.html', 'retired', 'Blink', '75', 1, 'desktop-chrome-75', '', '', '', '', NOW(), NOW(), 1),
  (79, 1, '', '76', 760, '2019-07-30 00:00:00', 'https://chromereleases.googleblog.com/2019/07/stable-channel-update-for-desktop_30.html', 'retired', 'Blink', '76', 1, 'desktop-chrome-76', '', '', '', '', NOW(), NOW(), 1),
  (80, 1, '', '77', 770, '2019-09-10 00:00:00', 'https://chromereleases.googleblog.com/2019/09/stable-channel-update-for-desktop.html', 'current', 'Blink', '77', 1, 'desktop-chrome-77', '', '', '', '', NOW(), NOW(), 1),
  (81, 1, '', '78', 780, '1900-01-01 00:00:00', '', 'beta', 'Blink', '78', 1, 'desktop-chrome-78', '', '', '', '', NOW(), NOW(), 1),
  (82, 1, '', '79', 790, '1900-01-01 00:00:00', '', 'nightly', 'Blink', '79', 1, 'desktop-chrome-79', '', '', '', '', NOW(), NOW(), 1),
  (83, 2, '', 'No', 1, '1900-01-01 00:00:00', '', '', '', '', 1, 'desktop-edge', '', '', '', '', NOW(), NOW(), 1),
  (84, 2, '', 'Yes', 2, '1900-01-01 00:00:00', '', '', '', '', 1, 'desktop-edge', '', '', '', '', NOW(), NOW(), 1),
  (85, 2, '', '?', 3, '1900-01-01 00:00:00', '', '', '', '', 1, 'desktop-edge', '', '', '', '', NOW(), NOW(), 1),
  (86, 2, '', '12', 120, '2015-07-28 00:00:00', 'https://docs.microsoft.com/en-us/microsoft-edge/dev-guide/whats-new/edgehtml-12', 'retired', 'EdgeHTML', '12', 1, 'desktop-edge-12', '', '', '', '', NOW(), NOW(), 1),
  (87, 2, '', '13', 130, '2015-11-12 00:00:00', 'https://docs.microsoft.com/en-us/microsoft-edge/dev-guide/whats-new/edgehtml-13', 'retired', 'EdgeHTML', '13', 1, 'desktop-edge-13', '', '', '', '', NOW(), NOW(), 1),
  (88, 2, '', '14', 140, '2016-08-02 00:00:00', 'https://docs.microsoft.com/en-us/microsoft-edge/dev-guide/whats-new/edgehtml-14', 'retired', 'EdgeHTML', '14', 1, 'desktop-edge-14', '', '', '', '', NOW(), NOW(), 1),
  (89, 2, '', '15', 150, '2017-04-05 00:00:00', 'https://docs.microsoft.com/en-us/microsoft-edge/dev-guide/whats-new/edgehtml-15', 'retired', 'EdgeHTML', '15', 1, 'desktop-edge-15', '', '', '', '', NOW(), NOW(), 1),
  (90, 2, '', '16', 160, '2017-10-17 00:00:00', 'https://docs.microsoft.com/en-us/microsoft-edge/dev-guide/whats-new/edgehtml-16', 'retired', 'EdgeHTML', '16', 1, 'desktop-edge-16', '', '', '', '', NOW(), NOW(), 1),
  (91, 2, '', '17', 170, '2018-04-30 00:00:00', 'https://docs.microsoft.com/en-us/microsoft-edge/dev-guide/whats-new/edgehtml-17', 'retired', 'EdgeHTML', '17', 1, 'desktop-edge-17', '', '', '', '', NOW(), NOW(), 1),
  (92, 2, '', '18', 180, '2018-10-02 00:00:00', 'https://docs.microsoft.com/en-us/microsoft-edge/dev-guide/whats-new', 'current', 'EdgeHTML', '18', 1, 'desktop-edge-18', '', '', '', '', NOW(), NOW(), 1),
  (93, 3, '', 'No', 1, '1900-01-01 00:00:00', '', '', '', '', 1, 'desktop-firefox', '', '', '', '', NOW(), NOW(), 1),
  (94, 3, '', 'Yes', 2, '1900-01-01 00:00:00', '', '', '', '', 1, 'desktop-firefox', '', '', '', '', NOW(), NOW(), 1),
  (95, 3, '', '?', 3, '1900-01-01 00:00:00', '', '', '', '', 1, 'desktop-firefox', '', '', '', '', NOW(), NOW(), 1),
  (96, 3, '', '1', 10, '2004-11-09 00:00:00', 'http://website-archive.mozilla.org/www.mozilla.org/firefox_releasenotes/en-US/firefox/releases/1.0.html', 'retired', 'Gecko', '1.7', 1, 'desktop-firefox-1', '', '', '', '', NOW(), NOW(), 1),
  (97, 3, '', '1.5', 15, '2005-11-29 00:00:00', 'https://developer.mozilla.org/docs/Mozilla/Firefox/Releases/1.5', 'retired', 'Gecko', '1.8', 1, 'desktop-firefox-1.5', '', '', '', '', NOW(), NOW(), 1),
  (98, 3, '', '2', 20, '2006-10-24 00:00:00', 'https://developer.mozilla.org/docs/Mozilla/Firefox/Releases/2', 'retired', 'Gecko', '1.8.1', 1, 'desktop-firefox-2', '', '', '', '', NOW(), NOW(), 1),
  (99, 3, '', '3', 30, '2008-06-17 00:00:00', 'https://developer.mozilla.org/docs/Mozilla/Firefox/Releases/3', 'retired', 'Gecko', '1.9', 1, 'desktop-firefox-3', '', '', '', '', NOW(), NOW(), 1),
  (100, 3, '', '3.5', 35, '2009-06-30 00:00:00', 'https://developer.mozilla.org/docs/Mozilla/Firefox/Releases/3.5', 'retired', 'Gecko', '1.9.1', 1, 'desktop-firefox-3.5', '', '', '', '', NOW(), NOW(), 1),
  (101, 3, '', '3.6', 36, '2010-01-21 00:00:00', 'https://developer.mozilla.org/docs/Mozilla/Firefox/Releases/3.6', 'retired', 'Gecko', '1.9.2', 1, 'desktop-firefox-3.6', '', '', '', '', NOW(), NOW(), 1),
  (102, 3, '', '3.6.9', 37, '2010-09-07 00:00:00', 'https://website-archive.mozilla.org/www.mozilla.org/firefox_releasenotes/en-US/firefox/3.6.9/releasenotes/', 'retired', 'Gecko', '1.9.2', 1, 'desktop-firefox-3.6.9', '', '', '', '', NOW(), NOW(), 1),
  (103, 3, '', '4', 40, '2011-03-22 00:00:00', 'https://developer.mozilla.org/docs/Mozilla/Firefox/Releases/4', 'retired', 'Gecko', '2', 1, 'desktop-firefox-4', '', '', '', '', NOW(), NOW(), 1),
  (104, 3, '', '5', 50, '2011-06-21 00:00:00', 'https://developer.mozilla.org/docs/Mozilla/Firefox/Releases/5', 'retired', 'Gecko', '5', 1, 'desktop-firefox-5', '', '', '', '', NOW(), NOW(), 1),
  (105, 3, '', '6', 60, '2011-08-16 00:00:00', 'https://developer.mozilla.org/docs/Mozilla/Firefox/Releases/6', 'retired', 'Gecko', '6', 1, 'desktop-firefox-6', '', '', '', '', NOW(), NOW(), 1),
  (106, 3, '', '7', 70, '2011-09-27 00:00:00', 'https://developer.mozilla.org/docs/Mozilla/Firefox/Releases/7', 'retired', 'Gecko', '7', 1, 'desktop-firefox-7', '', '', '', '', NOW(), NOW(), 1),
  (107, 3, '', '8', 80, '2011-11-08 00:00:00', 'https://developer.mozilla.org/docs/Mozilla/Firefox/Releases/8', 'retired', 'Gecko', '8', 1, 'desktop-firefox-8', '', '', '', '', NOW(), NOW(), 1),
  (108, 3, '', '9', 90, '2011-12-20 00:00:00', 'https://developer.mozilla.org/docs/Mozilla/Firefox/Releases/9', 'retired', 'Gecko', '9', 1, 'desktop-firefox-9', '', '', '', '', NOW(), NOW(), 1),
  (109, 3, '', '10', 100, '2012-01-31 00:00:00', 'https://developer.mozilla.org/docs/Mozilla/Firefox/Releases/10', 'retired', 'Gecko', '10', 1, 'desktop-firefox-10', '', '', '', '', NOW(), NOW(), 1),
  (110, 3, '', '11', 110, '2012-03-13 00:00:00', 'https://developer.mozilla.org/docs/Mozilla/Firefox/Releases/11', 'retired', 'Gecko', '11', 1, 'desktop-firefox-11', '', '', '', '', NOW(), NOW(), 1),
  (111, 3, '', '12', 120, '2012-04-24 00:00:00', 'https://developer.mozilla.org/docs/Mozilla/Firefox/Releases/12', 'retired', 'Gecko', '12', 1, 'desktop-firefox-12', '', '', '', '', NOW(), NOW(), 1),
  (112, 3, '', '13', 130, '2012-06-05 00:00:00', 'https://developer.mozilla.org/docs/Mozilla/Firefox/Releases/13', 'retired', 'Gecko', '13', 1, 'desktop-firefox-13', '', '', '', '', NOW(), NOW(), 1),
  (113, 3, '', '14', 140, '2012-07-17 00:00:00', 'https://developer.mozilla.org/docs/Mozilla/Firefox/Releases/14', 'retired', 'Gecko', '14', 1, 'desktop-firefox-14', '', '', '', '', NOW(), NOW(), 1),
  (114, 3, '', '15', 150, '2012-08-28 00:00:00', 'https://developer.mozilla.org/docs/Mozilla/Firefox/Releases/15', 'retired', 'Gecko', '15', 1, 'desktop-firefox-15', '', '', '', '', NOW(), NOW(), 1),
  (115, 3, '', '16', 160, '2012-10-09 00:00:00', 'https://developer.mozilla.org/docs/Mozilla/Firefox/Releases/16', 'retired', 'Gecko', '16', 1, 'desktop-firefox-16', '', '', '', '', NOW(), NOW(), 1),
  (116, 3, '', '17', 170, '2012-11-20 00:00:00', 'https://developer.mozilla.org/docs/Mozilla/Firefox/Releases/17', 'retired', 'Gecko', '17', 1, 'desktop-firefox-17', '', '', '', '', NOW(), NOW(), 1),
  (117, 3, '', '18', 180, '2013-01-08 00:00:00', 'https://developer.mozilla.org/docs/Mozilla/Firefox/Releases/18', 'retired', 'Gecko', '18', 1, 'desktop-firefox-18', '', '', '', '', NOW(), NOW(), 1),
  (118, 3, '', '19', 190, '2013-02-19 00:00:00', 'https://developer.mozilla.org/docs/Mozilla/Firefox/Releases/19', 'retired', 'Gecko', '19', 1, 'desktop-firefox-19', '', '', '', '', NOW(), NOW(), 1),
  (119, 3, '', '20', 200, '2013-04-02 00:00:00', 'https://developer.mozilla.org/docs/Mozilla/Firefox/Releases/20', 'retired', 'Gecko', '20', 1, 'desktop-firefox-20', '', '', '', '', NOW(), NOW(), 1),
  (120, 3, '', '21', 210, '2013-05-14 00:00:00', 'https://developer.mozilla.org/docs/Mozilla/Firefox/Releases/21', 'retired', 'Gecko', '21', 1, 'desktop-firefox-21', '', '', '', '', NOW(), NOW(), 1),
  (121, 3, '', '22', 220, '2013-06-25 00:00:00', 'https://developer.mozilla.org/docs/Mozilla/Firefox/Releases/22', 'retired', 'Gecko', '22', 1, 'desktop-firefox-22', '', '', '', '', NOW(), NOW(), 1),
  (122, 3, '', '23', 230, '2013-08-06 00:00:00', 'https://developer.mozilla.org/docs/Mozilla/Firefox/Releases/23', 'retired', 'Gecko', '23', 1, 'desktop-firefox-23', '', '', '', '', NOW(), NOW(), 1),
  (123, 3, '', '24', 240, '2013-09-17 00:00:00', 'https://developer.mozilla.org/docs/Mozilla/Firefox/Releases/24', 'retired', 'Gecko', '24', 1, 'desktop-firefox-24', '', '', '', '', NOW(), NOW(), 1),
  (124, 3, '', '25', 250, '2013-10-29 00:00:00', 'https://developer.mozilla.org/docs/Mozilla/Firefox/Releases/25', 'retired', 'Gecko', '25', 1, 'desktop-firefox-25', '', '', '', '', NOW(), NOW(), 1),
  (125, 3, '', '26', 260, '2013-12-10 00:00:00', 'https://developer.mozilla.org/docs/Mozilla/Firefox/Releases/26', 'retired', 'Gecko', '26', 1, 'desktop-firefox-26', '', '', '', '', NOW(), NOW(), 1),
  (126, 3, '', '27', 270, '2014-02-04 00:00:00', 'https://developer.mozilla.org/docs/Mozilla/Firefox/Releases/27', 'retired', 'Gecko', '27', 1, 'desktop-firefox-27', '', '', '', '', NOW(), NOW(), 1),
  (127, 3, '', '28', 280, '2014-03-18 00:00:00', 'https://developer.mozilla.org/docs/Mozilla/Firefox/Releases/28', 'retired', 'Gecko', '28', 1, 'desktop-firefox-28', '', '', '', '', NOW(), NOW(), 1),
  (128, 3, '', '29', 290, '2014-04-29 00:00:00', 'https://developer.mozilla.org/docs/Mozilla/Firefox/Releases/29', 'retired', 'Gecko', '29', 1, 'desktop-firefox-29', '', '', '', '', NOW(), NOW(), 1),
  (129, 3, '', '30', 300, '2014-06-10 00:00:00', 'https://developer.mozilla.org/docs/Mozilla/Firefox/Releases/30', 'retired', 'Gecko', '30', 1, 'desktop-firefox-30', '', '', '', '', NOW(), NOW(), 1),
  (130, 3, '', '31', 310, '2014-07-22 00:00:00', 'https://developer.mozilla.org/docs/Mozilla/Firefox/Releases/31', 'retired', 'Gecko', '31', 1, 'desktop-firefox-31', '', '', '', '', NOW(), NOW(), 1),
  (131, 3, '', '32', 320, '2014-09-02 00:00:00', 'https://developer.mozilla.org/docs/Mozilla/Firefox/Releases/32', 'retired', 'Gecko', '32', 1, 'desktop-firefox-32', '', '', '', '', NOW(), NOW(), 1),
  (132, 3, '', '33', 330, '2014-10-14 00:00:00', 'https://developer.mozilla.org/docs/Mozilla/Firefox/Releases/33', 'retired', 'Gecko', '33', 1, 'desktop-firefox-33', '', '', '', '', NOW(), NOW(), 1),
  (133, 3, '', '34', 340, '2014-12-01 00:00:00', 'https://developer.mozilla.org/docs/Mozilla/Firefox/Releases/34', 'retired', 'Gecko', '34', 1, 'desktop-firefox-34', '', '', '', '', NOW(), NOW(), 1),
  (134, 3, '', '35', 350, '2015-01-13 00:00:00', 'https://developer.mozilla.org/docs/Mozilla/Firefox/Releases/35', 'retired', 'Gecko', '35', 1, 'desktop-firefox-35', '', '', '', '', NOW(), NOW(), 1),
  (135, 3, '', '36', 360, '2015-02-24 00:00:00', 'https://developer.mozilla.org/docs/Mozilla/Firefox/Releases/36', 'retired', 'Gecko', '36', 1, 'desktop-firefox-36', '', '', '', '', NOW(), NOW(), 1),
  (136, 3, '', '37', 370, '2015-03-31 00:00:00', 'https://developer.mozilla.org/docs/Mozilla/Firefox/Releases/37', 'retired', 'Gecko', '37', 1, 'desktop-firefox-37', '', '', '', '', NOW(), NOW(), 1),
  (137, 3, '', '38', 380, '2015-05-12 00:00:00', 'https://developer.mozilla.org/docs/Mozilla/Firefox/Releases/38', 'retired', 'Gecko', '38', 1, 'desktop-firefox-38', '', '', '', '', NOW(), NOW(), 1),
  (138, 3, '', '39', 390, '2015-07-02 00:00:00', 'https://developer.mozilla.org/docs/Mozilla/Firefox/Releases/39', 'retired', 'Gecko', '39', 1, 'desktop-firefox-39', '', '', '', '', NOW(), NOW(), 1),
  (139, 3, '', '40', 400, '2015-08-11 00:00:00', 'https://developer.mozilla.org/docs/Mozilla/Firefox/Releases/40', 'retired', 'Gecko', '40', 1, 'desktop-firefox-40', '', '', '', '', NOW(), NOW(), 1),
  (140, 3, '', '41', 410, '2015-09-22 00:00:00', 'https://developer.mozilla.org/docs/Mozilla/Firefox/Releases/41', 'retired', 'Gecko', '41', 1, 'desktop-firefox-41', '', '', '', '', NOW(), NOW(), 1),
  (141, 3, '', '42', 420, '2015-11-03 00:00:00', 'https://developer.mozilla.org/docs/Mozilla/Firefox/Releases/42', 'retired', 'Gecko', '42', 1, 'desktop-firefox-42', '', '', '', '', NOW(), NOW(), 1),
  (142, 3, '', '43', 430, '2015-12-15 00:00:00', 'https://developer.mozilla.org/docs/Mozilla/Firefox/Releases/43', 'retired', 'Gecko', '43', 1, 'desktop-firefox-43', '', '', '', '', NOW(), NOW(), 1),
  (143, 3, '', '44', 440, '2016-01-26 00:00:00', 'https://developer.mozilla.org/docs/Mozilla/Firefox/Releases/44', 'retired', 'Gecko', '44', 1, 'desktop-firefox-44', '', '', '', '', NOW(), NOW(), 1),
  (144, 3, '', '45', 450, '2016-03-08 00:00:00', 'https://developer.mozilla.org/docs/Mozilla/Firefox/Releases/45', 'retired', 'Gecko', '45', 1, 'desktop-firefox-45', '', '', '', '', NOW(), NOW(), 1),
  (145, 3, '', '46', 460, '2016-04-26 00:00:00', 'https://developer.mozilla.org/docs/Mozilla/Firefox/Releases/46', 'retired', 'Gecko', '46', 1, 'desktop-firefox-46', '', '', '', '', NOW(), NOW(), 1),
  (146, 3, '', '47', 470, '2016-06-07 00:00:00', 'https://developer.mozilla.org/docs/Mozilla/Firefox/Releases/47', 'retired', 'Gecko', '47', 1, 'desktop-firefox-47', '', '', '', '', NOW(), NOW(), 1),
  (147, 3, '', '48', 480, '2016-08-02 00:00:00', 'https://developer.mozilla.org/docs/Mozilla/Firefox/Releases/48', 'retired', 'Gecko', '48', 1, 'desktop-firefox-48', '', '', '', '', NOW(), NOW(), 1),
  (148, 3, '', '49', 490, '2016-09-20 00:00:00', 'https://developer.mozilla.org/docs/Mozilla/Firefox/Releases/49', 'retired', 'Gecko', '49', 1, 'desktop-firefox-49', '', '', '', '', NOW(), NOW(), 1),
  (149, 3, '', '50', 500, '2016-11-15 00:00:00', 'https://developer.mozilla.org/docs/Mozilla/Firefox/Releases/50', 'retired', 'Gecko', '50', 1, 'desktop-firefox-50', '', '', '', '', NOW(), NOW(), 1),
  (150, 3, '', '51', 510, '2017-01-24 00:00:00', 'https://developer.mozilla.org/docs/Mozilla/Firefox/Releases/51', 'retired', 'Gecko', '51', 1, 'desktop-firefox-51', '', '', '', '', NOW(), NOW(), 1),
  (151, 3, '', '52', 520, '2017-03-07 00:00:00', 'https://developer.mozilla.org/docs/Mozilla/Firefox/Releases/52', 'retired', 'Gecko', '52', 1, 'desktop-firefox-52', '', '', '', '', NOW(), NOW(), 1),
  (152, 3, '', '53', 530, '2017-04-19 00:00:00', 'https://developer.mozilla.org/docs/Mozilla/Firefox/Releases/53', 'retired', 'Gecko', '53', 1, 'desktop-firefox-53', '', '', '', '', NOW(), NOW(), 1),
  (153, 3, '', '54', 540, '2017-06-13 00:00:00', 'https://developer.mozilla.org/docs/Mozilla/Firefox/Releases/54', 'retired', 'Gecko', '54', 1, 'desktop-firefox-54', '', '', '', '', NOW(), NOW(), 1),
  (154, 3, '', '55', 550, '2017-08-08 00:00:00', 'https://developer.mozilla.org/docs/Mozilla/Firefox/Releases/55', 'retired', 'Gecko', '55', 1, 'desktop-firefox-55', '', '', '', '', NOW(), NOW(), 1),
  (155, 3, '', '56', 560, '2017-09-28 00:00:00', 'https://developer.mozilla.org/docs/Mozilla/Firefox/Releases/56', 'retired', 'Gecko', '56', 1, 'desktop-firefox-56', '', '', '', '', NOW(), NOW(), 1),
  (156, 3, '', '57', 570, '2017-11-14 00:00:00', 'https://developer.mozilla.org/docs/Mozilla/Firefox/Releases/57', 'retired', 'Gecko', '57', 1, 'desktop-firefox-57', '', '', '', '', NOW(), NOW(), 1),
  (157, 3, '', '58', 580, '2018-01-23 00:00:00', 'https://developer.mozilla.org/docs/Mozilla/Firefox/Releases/58', 'retired', 'Gecko', '58', 1, 'desktop-firefox-58', '', '', '', '', NOW(), NOW(), 1),
  (158, 3, '', '59', 590, '2018-03-13 00:00:00', 'https://developer.mozilla.org/docs/Mozilla/Firefox/Releases/59', 'retired', 'Gecko', '59', 1, 'desktop-firefox-59', '', '', '', '', NOW(), NOW(), 1),
  (159, 3, '', '60', 600, '2018-05-09 00:00:00', 'https://developer.mozilla.org/docs/Mozilla/Firefox/Releases/60', 'esr', 'Gecko', '60', 1, 'desktop-firefox-60', '', '', '', '', NOW(), NOW(), 1),
  (160, 3, '', '61', 610, '2018-06-26 00:00:00', 'https://developer.mozilla.org/docs/Mozilla/Firefox/Releases/61', 'retired', 'Gecko', '61', 1, 'desktop-firefox-61', '', '', '', '', NOW(), NOW(), 1),
  (161, 3, '', '62', 620, '2018-09-05 00:00:00', 'https://developer.mozilla.org/docs/Mozilla/Firefox/Releases/62', 'retired', 'Gecko', '62', 1, 'desktop-firefox-62', '', '', '', '', NOW(), NOW(), 1),
  (162, 3, '', '63', 630, '2018-10-23 00:00:00', 'https://developer.mozilla.org/docs/Mozilla/Firefox/Releases/63', 'retired', 'Gecko', '63', 1, 'desktop-firefox-63', '', '', '', '', NOW(), NOW(), 1),
  (163, 3, '', '64', 640, '2018-12-11 00:00:00', 'https://developer.mozilla.org/docs/Mozilla/Firefox/Releases/64', 'retired', 'Gecko', '64', 1, 'desktop-firefox-64', '', '', '', '', NOW(), NOW(), 1),
  (164, 3, '', '65', 650, '2019-01-29 00:00:00', 'https://developer.mozilla.org/docs/Mozilla/Firefox/Releases/65', 'retired', 'Gecko', '65', 1, 'desktop-firefox-65', '', '', '', '', NOW(), NOW(), 1),
  (165, 3, '', '66', 660, '2019-03-19 00:00:00', 'https://developer.mozilla.org/docs/Mozilla/Firefox/Releases/66', 'retired', 'Gecko', '66', 1, 'desktop-firefox-66', '', '', '', '', NOW(), NOW(), 1),
  (166, 3, '', '67', 670, '2019-05-21 00:00:00', 'https://developer.mozilla.org/docs/Mozilla/Firefox/Releases/67', 'retired', 'Gecko', '67', 1, 'desktop-firefox-67', '', '', '', '', NOW(), NOW(), 1),
  (167, 3, '', '68', 680, '2019-07-09 00:00:00', 'https://developer.mozilla.org/docs/Mozilla/Firefox/Releases/68', 'retired', 'Gecko', '68', 1, 'desktop-firefox-68', '', '', '', '', NOW(), NOW(), 1),
  (168, 3, '', '69', 690, '2019-09-03 00:00:00', 'https://developer.mozilla.org/docs/Mozilla/Firefox/Releases/69', 'current', 'Gecko', '69', 1, 'desktop-firefox-69', '', '', '', '', NOW(), NOW(), 1),
  (169, 3, '', '70', 700, '2019-10-22 00:00:00', 'https://developer.mozilla.org/docs/Mozilla/Firefox/Releases/70', 'beta', 'Gecko', '70', 1, 'desktop-firefox-70', '', '', '', '', NOW(), NOW(), 1),
  (170, 3, '', '71', 710, '2019-12-10 00:00:00', 'https://developer.mozilla.org/docs/Mozilla/Firefox/Releases/71', 'nightly', 'Gecko', '71', 1, 'desktop-firefox-71', '', '', '', '', NOW(), NOW(), 1),
  (171, 4, '', 'No', 1, '1900-01-01 00:00:00', '', '', '', '', 1, 'desktop-ie', '', '', '', '', NOW(), NOW(), 1),
  (172, 4, '', 'Yes', 2, '1900-01-01 00:00:00', '', '', '', '', 1, 'desktop-ie', '', '', '', '', NOW(), NOW(), 1),
  (173, 4, '', '?', 3, '1900-01-01 00:00:00', '', '', '', '', 1, 'desktop-ie', '', '', '', '', NOW(), NOW(), 1),
  (174, 4, '', '1', 10, '1995-08-16 00:00:00', '', 'retired', '', '', 1, 'desktop-ie-1', '', '', '', '', NOW(), NOW(), 1),
  (175, 4, '', '2', 20, '1995-11-22 00:00:00', '', 'retired', '', '', 1, 'desktop-ie-2', '', '', '', '', NOW(), NOW(), 1),
  (176, 4, '', '3', 30, '1996-08-13 00:00:00', '', 'retired', '', '', 1, 'desktop-ie-3', '', '', '', '', NOW(), NOW(), 1),
  (177, 4, '', '4', 40, '1997-09-30 00:00:00', '', 'retired', '', '', 1, 'desktop-ie-4', '', '', '', '', NOW(), NOW(), 1),
  (178, 4, '', '5', 50, '1999-03-18 00:00:00', '', 'retired', '', '', 1, 'desktop-ie-5', '', '', '', '', NOW(), NOW(), 1),
  (179, 4, '', '5.5', 55, '2000-07-06 00:00:00', '', 'retired', '', '', 1, 'desktop-ie-5.5', '', '', '', '', NOW(), NOW(), 1),
  (180, 4, '', '6', 60, '2001-08-27 00:00:00', '', 'retired', '', '', 1, 'desktop-ie-6', '', '', '', '', NOW(), NOW(), 1),
  (181, 4, '', '7', 70, '2006-10-18 00:00:00', '', 'retired', '', '', 1, 'desktop-ie-7', '', '', '', '', NOW(), NOW(), 1),
  (182, 4, '', '8', 80, '2009-03-19 00:00:00', '', 'retired', 'Trident', '4.0', 1, 'desktop-ie-8', '', '', '', '', NOW(), NOW(), 1),
  (183, 4, '', '9', 90, '2011-03-14 00:00:00', '', 'retired', 'Trident', '5.0', 1, 'desktop-ie-9', '', '', '', '', NOW(), NOW(), 1),
  (184, 4, '', '10', 100, '2012-10-26 00:00:00', '', 'retired', 'Trident', '6.0', 1, 'desktop-ie-10', '', '', '', '', NOW(), NOW(), 1),
  (185, 4, '', '11', 110, '2013-10-17 00:00:00', '', 'current', 'Trident', '7.0', 1, 'desktop-ie-11', '', '', '', '', NOW(), NOW(), 1),
  (186, 5, '', 'No', 1, '1900-01-01 00:00:00', '', '', '', '', 1, 'desktop-opera', '', '', '', '', NOW(), NOW(), 1),
  (187, 5, '', 'Yes', 2, '1900-01-01 00:00:00', '', '', '', '', 1, 'desktop-opera', '', '', '', '', NOW(), NOW(), 1),
  (188, 5, '', '?', 3, '1900-01-01 00:00:00', '', '', '', '', 1, 'desktop-opera', '', '', '', '', NOW(), NOW(), 1),
  (189, 5, '', '2', 20, '1996-07-14 00:00:00', '', 'retired', '', '', 1, 'desktop-opera-2', '', '', '', '', NOW(), NOW(), 1),
  (190, 5, '', '3', 30, '1997-12-01 00:00:00', '', 'retired', '', '', 1, 'desktop-opera-3', '', '', '', '', NOW(), NOW(), 1),
  (191, 5, '', '3.5', 35, '1998-11-18 00:00:00', '', 'retired', '', '', 1, 'desktop-opera-3.5', '', '', '', '', NOW(), NOW(), 1),
  (192, 5, '', '3.6', 36, '1999-05-06 00:00:00', '', 'retired', '', '', 1, 'desktop-opera-3.6', '', '', '', '', NOW(), NOW(), 1),
  (193, 5, '', '4', 40, '2000-06-28 00:00:00', '', 'retired', '', '', 1, 'desktop-opera-4', '', '', '', '', NOW(), NOW(), 1),
  (194, 5, '', '5', 50, '2000-12-06 00:00:00', '', 'retired', '', '', 1, 'desktop-opera-5', '', '', '', '', NOW(), NOW(), 1),
  (195, 5, '', '5.1', 51, '2001-04-10 00:00:00', '', 'retired', '', '', 1, 'desktop-opera-5.1', '', '', '', '', NOW(), NOW(), 1),
  (196, 5, '', '6', 60, '2001-12-18 00:00:00', '', 'retired', '', '', 1, 'desktop-opera-6', '', '', '', '', NOW(), NOW(), 1),
  (197, 5, '', '7', 70, '2003-01-28 00:00:00', '', 'retired', 'Presto', '1', 1, 'desktop-opera-7', '', '', '', '', NOW(), NOW(), 1),
  (198, 5, '', '7.1', 71, '2003-04-11 00:00:00', '', 'retired', 'Presto', '1', 1, 'desktop-opera-7.1', '', '', '', '', NOW(), NOW(), 1),
  (199, 5, '', '7.2', 72, '2003-09-23 00:00:00', '', 'retired', 'Presto', '1', 1, 'desktop-opera-7.2', '', '', '', '', NOW(), NOW(), 1),
  (200, 5, '', '7.5', 75, '2004-05-12 00:00:00', '', 'retired', 'Presto', '1', 1, 'desktop-opera-7.5', '', '', '', '', NOW(), NOW(), 1),
  (201, 5, '', '8', 80, '2005-04-19 00:00:00', '', 'retired', 'Presto', '1', 1, 'desktop-opera-8', '', '', '', '', NOW(), NOW(), 1),
  (202, 5, '', '8.5', 85, '2005-09-20 00:00:00', '', 'retired', 'Presto', '1', 1, 'desktop-opera-8.5', '', '', '', '', NOW(), NOW(), 1),
  (203, 5, '', '9', 90, '2006-06-20 00:00:00', '', 'retired', 'Presto', '2', 1, 'desktop-opera-9', '', '', '', '', NOW(), NOW(), 1),
  (204, 5, '', '9.1', 91, '2006-12-18 00:00:00', '', 'retired', 'Presto', '2', 1, 'desktop-opera-9.1', '', '', '', '', NOW(), NOW(), 1),
  (205, 5, '', '9.2', 92, '2007-04-11 00:00:00', '', 'retired', 'Presto', '2', 1, 'desktop-opera-9.2', '', '', '', '', NOW(), NOW(), 1),
  (206, 5, '', '9.5', 95, '2008-06-12 00:00:00', '', 'retired', 'Presto', '2.1', 1, 'desktop-opera-9.5', '', '', '', '', NOW(), NOW(), 1),
  (207, 5, '', '9.6', 96, '2008-10-08 00:00:00', '', 'retired', 'Presto', '2.1', 1, 'desktop-opera-9.6', '', '', '', '', NOW(), NOW(), 1),
  (208, 5, '', '10', 100, '2009-09-01 00:00:00', '', 'retired', 'Presto', '2.2', 1, 'desktop-opera-10', '', '', '', '', NOW(), NOW(), 1),
  (209, 5, '', '10.1', 101, '2009-11-23 00:00:00', '', 'retired', 'Presto', '2.2', 1, 'desktop-opera-10.1', '', '', '', '', NOW(), NOW(), 1),
  (210, 5, '', '10.5', 105, '2010-03-02 00:00:00', '', 'retired', 'Presto', '2.5', 1, 'desktop-opera-10.5', '', '', '', '', NOW(), NOW(), 1),
  (211, 5, '', '10.6', 106, '2010-07-01 00:00:00', '', 'retired', 'Presto', '2.6', 1, 'desktop-opera-10.6', '', '', '', '', NOW(), NOW(), 1),
  (212, 5, '', '11', 110, '2010-12-16 00:00:00', '', 'retired', 'Presto', '2.7', 1, 'desktop-opera-11', '', '', '', '', NOW(), NOW(), 1),
  (213, 5, '', '11.1', 111, '2011-04-12 00:00:00', '', 'retired', 'Presto', '2.8', 1, 'desktop-opera-11.1', '', '', '', '', NOW(), NOW(), 1),
  (214, 5, '', '11.5', 115, '2011-06-28 00:00:00', '', 'retired', 'Presto', '2.9', 1, 'desktop-opera-11.5', '', '', '', '', NOW(), NOW(), 1),
  (215, 5, '', '11.6', 116, '2011-12-06 00:00:00', '', 'retired', 'Presto', '2.10', 1, 'desktop-opera-11.6', '', '', '', '', NOW(), NOW(), 1),
  (216, 5, '', '12', 120, '2012-06-14 00:00:00', '', 'retired', 'Presto', '2.10', 1, 'desktop-opera-12', '', '', '', '', NOW(), NOW(), 1),
  (217, 5, '', '12.1', 121, '2012-11-20 00:00:00', '', 'retired', 'Presto', '2.12', 1, 'desktop-opera-12.1', '', '', '', '', NOW(), NOW(), 1),
  (218, 5, '', '15', 150, '2013-07-02 00:00:00', '', 'retired', 'Blink', '28', 1, 'desktop-opera-15', '', '', '', '', NOW(), NOW(), 1),
  (219, 5, '', '16', 160, '2013-08-27 00:00:00', '', 'retired', 'Blink', '29', 1, 'desktop-opera-16', '', '', '', '', NOW(), NOW(), 1),
  (220, 5, '', '17', 170, '2013-10-08 00:00:00', '', 'retired', 'Blink', '30', 1, 'desktop-opera-17', '', '', '', '', NOW(), NOW(), 1),
  (221, 5, '', '18', 180, '2013-11-19 00:00:00', '', 'retired', 'Blink', '31', 1, 'desktop-opera-18', '', '', '', '', NOW(), NOW(), 1),
  (222, 5, '', '19', 190, '2014-01-28 00:00:00', '', 'retired', 'Blink', '32', 1, 'desktop-opera-19', '', '', '', '', NOW(), NOW(), 1),
  (223, 5, '', '20', 200, '2014-03-04 00:00:00', '', 'retired', 'Blink', '33', 1, 'desktop-opera-20', '', '', '', '', NOW(), NOW(), 1),
  (224, 5, '', '21', 210, '2014-05-06 00:00:00', '', 'retired', 'Blink', '34', 1, 'desktop-opera-21', '', '', '', '', NOW(), NOW(), 1),
  (225, 5, '', '22', 220, '2014-06-03 00:00:00', '', 'retired', 'Blink', '35', 1, 'desktop-opera-22', '', '', '', '', NOW(), NOW(), 1),
  (226, 5, '', '23', 230, '2014-07-22 00:00:00', '', 'retired', 'Blink', '36', 1, 'desktop-opera-23', '', '', '', '', NOW(), NOW(), 1),
  (227, 5, '', '24', 240, '2014-09-02 00:00:00', '', 'retired', 'Blink', '37', 1, 'desktop-opera-24', '', '', '', '', NOW(), NOW(), 1),
  (228, 5, '', '25', 250, '2014-10-15 00:00:00', '', 'retired', 'Blink', '38', 1, 'desktop-opera-25', '', '', '', '', NOW(), NOW(), 1),
  (229, 5, '', '26', 260, '2014-12-03 00:00:00', '', 'retired', 'Blink', '39', 1, 'desktop-opera-26', '', '', '', '', NOW(), NOW(), 1),
  (230, 5, '', '27', 270, '2015-01-27 00:00:00', '', 'retired', 'Blink', '40', 1, 'desktop-opera-27', '', '', '', '', NOW(), NOW(), 1),
  (231, 5, '', '28', 280, '2015-03-10 00:00:00', '', 'retired', 'Blink', '41', 1, 'desktop-opera-28', '', '', '', '', NOW(), NOW(), 1),
  (232, 5, '', '29', 290, '2015-04-28 00:00:00', '', 'retired', 'Blink', '42', 1, 'desktop-opera-29', '', '', '', '', NOW(), NOW(), 1),
  (233, 5, '', '30', 300, '2015-06-09 00:00:00', '', 'retired', 'Blink', '43', 1, 'desktop-opera-30', '', '', '', '', NOW(), NOW(), 1),
  (234, 5, '', '31', 310, '2015-08-04 00:00:00', '', 'retired', 'Blink', '44', 1, 'desktop-opera-31', '', '', '', '', NOW(), NOW(), 1),
  (235, 5, '', '32', 320, '2015-09-15 00:00:00', '', 'retired', 'Blink', '45', 1, 'desktop-opera-32', '', '', '', '', NOW(), NOW(), 1),
  (236, 5, '', '33', 330, '2015-10-27 00:00:00', '', 'retired', 'Blink', '46', 1, 'desktop-opera-33', '', '', '', '', NOW(), NOW(), 1),
  (237, 5, '', '34', 340, '2015-12-08 00:00:00', '', 'retired', 'Blink', '47', 1, 'desktop-opera-34', '', '', '', '', NOW(), NOW(), 1),
  (238, 5, '', '35', 350, '2016-02-02 00:00:00', '', 'retired', 'Blink', '48', 1, 'desktop-opera-35', '', '', '', '', NOW(), NOW(), 1),
  (239, 5, '', '36', 360, '2016-03-15 00:00:00', '', 'retired', 'Blink', '49', 1, 'desktop-opera-36', '', '', '', '', NOW(), NOW(), 1),
  (240, 5, '', '37', 370, '2016-05-04 00:00:00', '', 'retired', 'Blink', '50', 1, 'desktop-opera-37', '', '', '', '', NOW(), NOW(), 1),
  (241, 5, '', '38', 380, '2016-06-08 00:00:00', '', 'retired', 'Blink', '51', 1, 'desktop-opera-38', '', '', '', '', NOW(), NOW(), 1),
  (242, 5, '', '39', 390, '2016-08-02 00:00:00', '', 'retired', 'Blink', '52', 1, 'desktop-opera-39', '', '', '', '', NOW(), NOW(), 1),
  (243, 5, '', '40', 400, '2016-09-20 00:00:00', '', 'retired', 'Blink', '53', 1, 'desktop-opera-40', '', '', '', '', NOW(), NOW(), 1),
  (244, 5, '', '41', 410, '2016-10-25 00:00:00', '', 'retired', 'Blink', '54', 1, 'desktop-opera-41', '', '', '', '', NOW(), NOW(), 1),
  (245, 5, '', '42', 420, '2016-12-13 00:00:00', '', 'retired', 'Blink', '55', 1, 'desktop-opera-42', '', '', '', '', NOW(), NOW(), 1),
  (246, 5, '', '43', 430, '2017-02-07 00:00:00', '', 'retired', 'Blink', '56', 1, 'desktop-opera-43', '', '', '', '', NOW(), NOW(), 1),
  (247, 5, '', '44', 440, '2017-03-21 00:00:00', '', 'retired', 'Blink', '57', 1, 'desktop-opera-44', '', '', '', '', NOW(), NOW(), 1),
  (248, 5, '', '45', 450, '2017-05-10 00:00:00', '', 'retired', 'Blink', '58', 1, 'desktop-opera-45', '', '', '', '', NOW(), NOW(), 1),
  (249, 5, '', '46', 460, '2017-06-22 00:00:00', '', 'retired', 'Blink', '59', 1, 'desktop-opera-46', '', '', '', '', NOW(), NOW(), 1),
  (250, 5, '', '47', 470, '2017-08-09 00:00:00', '', 'retired', 'Blink', '60', 1, 'desktop-opera-47', '', '', '', '', NOW(), NOW(), 1),
  (251, 5, '', '48', 480, '2017-09-27 00:00:00', '', 'retired', 'Blink', '61', 1, 'desktop-opera-48', '', '', '', '', NOW(), NOW(), 1),
  (252, 5, '', '49', 490, '2017-11-08 00:00:00', '', 'retired', 'Blink', '62', 1, 'desktop-opera-49', '', '', '', '', NOW(), NOW(), 1),
  (253, 5, '', '50', 500, '2018-01-04 00:00:00', '', 'retired', 'Blink', '63', 1, 'desktop-opera-50', '', '', '', '', NOW(), NOW(), 1),
  (254, 5, '', '51', 510, '2018-02-07 00:00:00', '', 'retired', 'Blink', '64', 1, 'desktop-opera-51', '', '', '', '', NOW(), NOW(), 1),
  (255, 5, '', '52', 520, '2018-03-22 00:00:00', '', 'retired', 'Blink', '65', 1, 'desktop-opera-52', '', '', '', '', NOW(), NOW(), 1),
  (256, 5, '', '53', 530, '2018-05-10 00:00:00', '', 'retired', 'Blink', '66', 1, 'desktop-opera-53', '', '', '', '', NOW(), NOW(), 1),
  (257, 5, '', '54', 540, '2018-06-28 00:00:00', '', 'retired', 'Blink', '67', 1, 'desktop-opera-54', '', '', '', '', NOW(), NOW(), 1),
  (258, 5, '', '55', 550, '2018-08-16 00:00:00', '', 'retired', 'Blink', '68', 1, 'desktop-opera-55', '', '', '', '', NOW(), NOW(), 1),
  (259, 5, '', '56', 560, '2018-09-25 00:00:00', '', 'retired', 'Blink', '69', 1, 'desktop-opera-56', '', '', '', '', NOW(), NOW(), 1),
  (260, 5, '', '57', 570, '2018-11-28 00:00:00', '', 'current', 'Blink', '70', 1, 'desktop-opera-57', '', '', '', '', NOW(), NOW(), 1),
  (261, 5, '', '58', 580, '2019-01-23 00:00:00', '', 'retired', 'Blink', '71', 1, 'desktop-opera-58', '', '', '', '', NOW(), NOW(), 1),
  (262, 5, '', '60', 600, '2019-04-09 00:00:00', '', 'retired', 'Blink', '73', 1, 'desktop-opera-60', '', '', '', '', NOW(), NOW(), 1),
  (263, 5, '', '62', 620, '2019-06-27 00:00:00', '', 'retired', 'Blink', '75', 1, 'desktop-opera-62', '', '', '', '', NOW(), NOW(), 1),
  (264, 5, '', '63', 630, '2019-08-20 00:00:00', '', 'current', 'Blink', '76', 1, 'desktop-opera-63', '', '', '', '', NOW(), NOW(), 1),
  (265, 5, '', '64', 640, '1900-01-01 00:00:00', '', 'beta', 'Blink', '77', 1, 'desktop-opera-64', '', '', '', '', NOW(), NOW(), 1),
  (266, 5, '', '65', 650, '1900-01-01 00:00:00', '', 'nightly', 'Blink', '78', 1, 'desktop-opera-65', '', '', '', '', NOW(), NOW(), 1),
  (267, 6, '', 'No', 1, '1900-01-01 00:00:00', '', '', '', '', 1, 'desktop-safari', '', '', '', '', NOW(), NOW(), 1),
  (268, 6, '', 'Yes', 2, '1900-01-01 00:00:00', '', '', '', '', 1, 'desktop-safari', '', '', '', '', NOW(), NOW(), 1),
  (269, 6, '', '?', 3, '1900-01-01 00:00:00', '', '', '', '', 1, 'desktop-safari', '', '', '', '', NOW(), NOW(), 1),
  (270, 6, '', '1', 10, '2003-06-23 00:00:00', '', 'nightly', 'WebKit', '85', 1, 'desktop-safari-1', '', '', '', '', NOW(), NOW(), 1),
  (271, 6, '', '1.1', 11, '2003-10-24 00:00:00', '', 'nightly', 'WebKit', '100', 1, 'desktop-safari-1.1', '', '', '', '', NOW(), NOW(), 1),
  (272, 6, '', '1.2', 12, '2004-02-02 00:00:00', '', 'nightly', 'WebKit', '125', 1, 'desktop-safari-1.2', '', '', '', '', NOW(), NOW(), 1),
  (273, 6, '', '1.3', 13, '2005-04-15 00:00:00', '', 'nightly', 'WebKit', '312', 1, 'desktop-safari-1.3', '', '', '', '', NOW(), NOW(), 1),
  (274, 6, '', '2', 20, '2005-04-29 00:00:00', '', 'nightly', 'WebKit', '412', 1, 'desktop-safari-2', '', '', '', '', NOW(), NOW(), 1),
  (275, 6, '', '3', 30, '2007-11-14 00:00:00', '', 'nightly', 'WebKit', '522.11', 1, 'desktop-safari-3', '', '', '', '', NOW(), NOW(), 1),
  (276, 6, '', '3.1', 31, '2008-03-18 00:00:00', '', 'nightly', 'WebKit', '525.13', 1, 'desktop-safari-3.1', '', '', '', '', NOW(), NOW(), 1),
  (277, 6, '', '3.2', 32, '2008-11-13 00:00:00', '', 'nightly', 'WebKit', '525.26', 1, 'desktop-safari-3.2', '', '', '', '', NOW(), NOW(), 1),
  (278, 6, '', '4', 40, '2009-06-08 00:00:00', 'https://developer.apple.com/library/content/releasenotes/General/WhatsNewInSafari/Articles/Safari_4_0.html', 'nightly', 'WebKit', '530.17', 1, 'desktop-safari-4', '', '', '', '', NOW(), NOW(), 1),
  (279, 6, '', '4.1', 41, '2010-06-07 00:00:00', 'https://developer.apple.com/library/content/releasenotes/General/WhatsNewInSafari/Articles/Safari_6_0.html', 'nightly', 'WebKit', '533.16', 1, 'desktop-safari-4.1', '', '', '', '', NOW(), NOW(), 1),
  (280, 6, '', '5', 50, '2010-06-07 00:00:00', '', 'nightly', 'WebKit', '533.16', 1, 'desktop-safari-5', '', '', '', '', NOW(), NOW(), 1),
  (281, 6, '', '5.1', 51, '2011-07-20 00:00:00', '', 'nightly', 'WebKit', '534.48', 1, 'desktop-safari-5.1', '', '', '', '', NOW(), NOW(), 1),
  (282, 6, '', '6', 60, '2012-07-25 00:00:00', '', 'nightly', 'WebKit', '536.25', 1, 'desktop-safari-6', '', '', '', '', NOW(), NOW(), 1),
  (283, 6, '', '6.1', 61, '2013-06-11 00:00:00', '', 'nightly', 'WebKit', '537.43', 1, 'desktop-safari-6.1', '', '', '', '', NOW(), NOW(), 1),
  (284, 6, '', '7', 70, '2013-10-22 00:00:00', 'https://developer.apple.com/library/content/releasenotes/General/WhatsNewInSafari/Articles/Safari_7_0.html', 'nightly', 'WebKit', '537.71', 1, 'desktop-safari-7', '', '', '', '', NOW(), NOW(), 1),
  (285, 6, '', '8', 80, '2014-10-16 00:00:00', 'https://developer.apple.com/library/content/releasenotes/General/WhatsNewInSafari/Articles/Safari_8_0.html', 'nightly', 'WebKit', '538.35', 1, 'desktop-safari-8', '', '', '', '', NOW(), NOW(), 1),
  (286, 6, '', '9', 90, '2015-09-30 00:00:00', 'https://developer.apple.com/library/content/releasenotes/General/WhatsNewInSafari/Articles/Safari_9_0.html', 'nightly', 'WebKit', '601.1.56', 1, 'desktop-safari-9', '', '', '', '', NOW(), NOW(), 1),
  (287, 6, '', '9.1', 91, '2016-03-21 00:00:00', 'https://developer.apple.com/library/content/releasenotes/General/WhatsNewInSafari/Articles/Safari_9_1.html', 'nightly', 'WebKit', '601.5.17', 1, 'desktop-safari-9.1', '', '', '', '', NOW(), NOW(), 1),
  (288, 6, '', '10', 100, '2016-09-20 00:00:00', 'https://developer.apple.com/library/content/releasenotes/General/WhatsNewInSafari/Articles/Safari_10_0.html', 'nightly', 'WebKit', '602.1.50', 1, 'desktop-safari-10', '', '', '', '', NOW(), NOW(), 1),
  (289, 6, '', '10.1', 101, '2017-03-27 00:00:00', 'https://developer.apple.com/library/content/releasenotes/General/WhatsNewInSafari/Articles/Safari_10_1.html', 'nightly', 'WebKit', '603.2.1', 1, 'desktop-safari-10.1', '', '', '', '', NOW(), NOW(), 1),
  (290, 6, '', '11', 110, '2017-09-19 00:00:00', 'https://developer.apple.com/library/content/releasenotes/General/WhatsNewInSafari/Safari_11_0/Safari_11_0.html', 'nightly', 'WebKit', '604.2.4', 1, 'desktop-safari-11', '', '', '', '', NOW(), NOW(), 1),
  (291, 6, '', '11.1', 111, '2018-04-12 00:00:00', 'https://developer.apple.com/library/content/releasenotes/General/WhatsNewInSafari/Articles/Safari_11_1.html', 'nightly', 'WebKit', '605.1.33', 1, 'desktop-safari-11.1', '', '', '', '', NOW(), NOW(), 1),
  (292, 6, '', '12', 120, '2018-09-24 00:00:00', 'https://developer.apple.com/documentation/safari_release_notes/safari_12_release_notes', 'nightly', 'WebKit', '606.1.36', 1, 'desktop-safari-12', '', '', '', '', NOW(), NOW(), 1),
  (293, 6, '', '12.1', 121, '2019-03-25 00:00:00', 'https://developer.apple.com/documentation/safari_release_notes/safari_12_1_release_notes', 'nightly', 'WebKit', '607.1.40', 1, 'desktop-safari-12.1', '', '', '', '', NOW(), NOW(), 1),
  (294, 6, '', '13', 130, '1900-01-01 00:00:00', 'https://developer.apple.com/documentation/safari_release_notes/safari_13_beta_release_notes', 'nightly', 'WebKit', '78', 1, 'desktop-safari-13', '', '', '', '', NOW(), NOW(), 1),
  (295, 7, '', 'No', 1, '1900-01-01 00:00:00', '', '', '', '', 1, 'mobile-webview_android', '', '', '', '', NOW(), NOW(), 1),
  (296, 7, '', 'Yes', 2, '1900-01-01 00:00:00', '', '', '', '', 1, 'mobile-webview_android', '', '', '', '', NOW(), NOW(), 1),
  (297, 7, '', '?', 3, '1900-01-01 00:00:00', '', '', '', '', 1, 'mobile-webview_android', '', '', '', '', NOW(), NOW(), 1),
  (298, 7, '', '37', 4, '1900-01-01 00:00:00', '', '', '', '', 1, 'mobile-webview_android', '', '', '', '', NOW(), NOW(), 1),
  (299, 7, '', '1', 10, '2008-09-23 00:00:00', 'https://en.wikipedia.org/wiki/Android_version_history#Android_1.0_(API_1)', 'retired', '', '', 1, 'mobile-webview_android-1', '', '', '', '', NOW(), NOW(), 1),
  (300, 7, '', '1.1', 11, '2009-02-09 00:00:00', 'https://en.wikipedia.org/wiki/Android_version_history#Android_1.1_(API_2)', 'retired', '', '', 1, 'mobile-webview_android-1.1', '', '', '', '', NOW(), NOW(), 1),
  (301, 7, '', '1.5', 15, '2009-04-27 00:00:00', 'https://en.wikipedia.org/wiki/Android_Cupcake', 'retired', '', '', 1, 'mobile-webview_android-1.5', '', '', '', '', NOW(), NOW(), 1),
  (302, 7, '', '1.6', 16, '2009-09-15 00:00:00', 'https://en.wikipedia.org/wiki/Android_Donut', 'retired', '', '', 1, 'mobile-webview_android-1.6', '', '', '', '', NOW(), NOW(), 1),
  (303, 7, '', '2', 20, '2009-10-26 00:00:00', 'https://en.wikipedia.org/wiki/Android_Eclair', 'retired', 'WebKit', '530.17', 1, 'mobile-webview_android-2', '', '', '', '', NOW(), NOW(), 1),
  (304, 7, '', '2.2', 22, '2010-05-20 00:00:00', 'https://en.wikipedia.org/wiki/Android_Froyo', 'retired', 'WebKit', '533.1', 1, 'mobile-webview_android-2.2', '', '', '', '', NOW(), NOW(), 1),
  (305, 7, '', '2.3', 23, '2010-12-06 00:00:00', 'https://en.wikipedia.org/wiki/Android_Gingerbread', 'retired', 'WebKit', '533.1', 1, 'mobile-webview_android-2.3', '', '', '', '', NOW(), NOW(), 1),
  (306, 7, '', '3', 30, '2011-02-22 00:00:00', 'https://en.wikipedia.org/wiki/Android_Honeycomb', 'retired', 'WebKit', '534.13', 1, 'mobile-webview_android-3', '', '', '', '', NOW(), NOW(), 1),
  (307, 7, '', '4', 40, '2011-10-18 00:00:00', 'https://en.wikipedia.org/wiki/Android_Ice_Cream_Sandwich', 'retired', 'WebKit', '534.30', 1, 'mobile-webview_android-4', '', '', '', '', NOW(), NOW(), 1),
  (308, 7, '', '4.1', 41, '2012-07-09 00:00:00', 'https://en.wikipedia.org/wiki/Android_Jelly_Bean', 'retired', 'WebKit', '534.30', 1, 'mobile-webview_android-4.1', '', '', '', '', NOW(), NOW(), 1),
  (309, 7, '', '4.2', 42, '2013-07-24 00:00:00', 'https://en.wikipedia.org/wiki/Android_Jelly_Bean', 'retired', 'WebKit', '534.30', 1, 'mobile-webview_android-4.2', '', '', '', '', NOW(), NOW(), 1),
  (310, 7, '', '4.4', 44, '2013-12-09 00:00:00', 'https://chromereleases.googleblog.com/2013/10/chrome-for-android-update.html', 'retired', 'Blink', '30', 1, 'mobile-webview_android-4.4', '', '', '', '', NOW(), NOW(), 1),
  (311, 7, '', '4.4.3', 45, '2014-06-02 00:00:00', 'https://chromereleases.googleblog.com/2014/02/chrome-for-android-update.html', 'retired', 'Blink', '33', 1, 'mobile-webview_android-4.4.3', '', '', '', '', NOW(), NOW(), 1),
  (312, 7, '', '37', 370, '2014-09-03 00:00:00', 'https://chromereleases.googleblog.com/2014/09/chrome-for-android-update.html', 'retired', 'Blink', '37', 1, 'mobile-webview_android-37', '', '', '', '', NOW(), NOW(), 1),
  (313, 7, '', '38', 380, '2014-10-08 00:00:00', 'https://chromereleases.googleblog.com/2014/10/chrome-for-android-update.html', 'retired', 'Blink', '38', 1, 'mobile-webview_android-38', '', '', '', '', NOW(), NOW(), 1),
  (314, 7, '', '39', 390, '2014-11-12 00:00:00', 'https://chromereleases.googleblog.com/2014/11/chrome-for-android-update.html', 'retired', 'Blink', '39', 1, 'mobile-webview_android-39', '', '', '', '', NOW(), NOW(), 1),
  (315, 7, '', '40', 400, '2015-01-21 00:00:00', 'https://chromereleases.googleblog.com/2015/01/chrome-for-android-update.html', 'retired', 'Blink', '40', 1, 'mobile-webview_android-40', '', '', '', '', NOW(), NOW(), 1),
  (316, 7, '', '41', 410, '2015-03-11 00:00:00', 'https://chromereleases.googleblog.com/2015/03/chrome-for-android-update.html', 'retired', 'Blink', '41', 1, 'mobile-webview_android-41', '', '', '', '', NOW(), NOW(), 1),
  (317, 7, '', '42', 420, '2015-04-15 00:00:00', 'https://chromereleases.googleblog.com/2015/04/chrome-for-android-update.html', 'retired', 'Blink', '42', 1, 'mobile-webview_android-42', '', '', '', '', NOW(), NOW(), 1),
  (318, 7, '', '43', 430, '2015-05-27 00:00:00', 'https://chromereleases.googleblog.com/2015/05/chrome-for-android-update.html', 'retired', 'Blink', '43', 1, 'mobile-webview_android-43', '', '', '', '', NOW(), NOW(), 1),
  (319, 7, '', '44', 440, '2015-07-29 00:00:00', 'https://chromereleases.googleblog.com/2015/07/chrome-for-android-update.html', 'retired', 'Blink', '44', 1, 'mobile-webview_android-44', '', '', '', '', NOW(), NOW(), 1),
  (320, 7, '', '45', 450, '2015-09-01 00:00:00', 'https://chromereleases.googleblog.com/2015/09/chrome-for-android-update.html', 'retired', 'Blink', '45', 1, 'mobile-webview_android-45', '', '', '', '', NOW(), NOW(), 1),
  (321, 7, '', '46', 460, '2015-10-14 00:00:00', 'https://chromereleases.googleblog.com/2015/10/chrome-for-android-update.html', 'retired', 'Blink', '46', 1, 'mobile-webview_android-46', '', '', '', '', NOW(), NOW(), 1),
  (322, 7, '', '47', 470, '2015-12-02 00:00:00', 'https://chromereleases.googleblog.com/2015/12/chrome-for-android-update.html', 'retired', 'Blink', '47', 1, 'mobile-webview_android-47', '', '', '', '', NOW(), NOW(), 1),
  (323, 7, '', '48', 480, '2016-01-26 00:00:00', '', 'retired', 'Blink', '48', 1, 'mobile-webview_android-48', '', '', '', '', NOW(), NOW(), 1),
  (324, 7, '', '49', 490, '2016-03-09 00:00:00', 'https://chromereleases.googleblog.com/2016/03/chrome-for-android-update.html', 'retired', 'Blink', '49', 1, 'mobile-webview_android-49', '', '', '', '', NOW(), NOW(), 1),
  (325, 7, '', '50', 500, '2016-04-13 00:00:00', '', 'retired', 'Blink', '50', 1, 'mobile-webview_android-50', '', '', '', '', NOW(), NOW(), 1),
  (326, 7, '', '51', 510, '2016-06-08 00:00:00', 'https://chromereleases.googleblog.com/2016/06/chrome-for-android-update.html', 'retired', 'Blink', '51', 1, 'mobile-webview_android-51', '', '', '', '', NOW(), NOW(), 1),
  (327, 7, '', '52', 520, '2016-07-27 00:00:00', 'https://chromereleases.googleblog.com/2016/07/chrome-for-android-update.html', 'retired', 'Blink', '52', 1, 'mobile-webview_android-52', '', '', '', '', NOW(), NOW(), 1),
  (328, 7, '', '53', 530, '2016-09-07 00:00:00', 'https://chromereleases.googleblog.com/2016/09/chrome-for-android-update.html', 'retired', 'Blink', '53', 1, 'mobile-webview_android-53', '', '', '', '', NOW(), NOW(), 1),
  (329, 7, '', '54', 540, '2016-10-19 00:00:00', 'https://chromereleases.googleblog.com/2016/10/chrome-for-android-update.html', 'retired', 'Blink', '54', 1, 'mobile-webview_android-54', '', '', '', '', NOW(), NOW(), 1),
  (330, 7, '', '55', 550, '2016-12-06 00:00:00', 'https://chromereleases.googleblog.com/2016/12/chrome-for-android-update.html', 'retired', 'Blink', '55', 1, 'mobile-webview_android-55', '', '', '', '', NOW(), NOW(), 1),
  (331, 7, '', '56', 560, '2017-02-01 00:00:00', 'https://chromereleases.googleblog.com/2017/02/chrome-for-android-update.html', 'retired', 'Blink', '56', 1, 'mobile-webview_android-56', '', '', '', '', NOW(), NOW(), 1),
  (332, 7, '', '57', 570, '2017-03-16 00:00:00', 'https://chromereleases.googleblog.com/2017/03/chrome-for-android-update.html', 'retired', 'Blink', '57', 1, 'mobile-webview_android-57', '', '', '', '', NOW(), NOW(), 1),
  (333, 7, '', '58', 580, '2017-04-25 00:00:00', 'https://chromereleases.googleblog.com/2017/04/chrome-for-android-update.html', 'retired', 'Blink', '58', 1, 'mobile-webview_android-58', '', '', '', '', NOW(), NOW(), 1),
  (334, 7, '', '59', 590, '2017-06-06 00:00:00', 'https://chromereleases.googleblog.com/2017/06/chrome-for-android-update.html', 'retired', 'Blink', '59', 1, 'mobile-webview_android-59', '', '', '', '', NOW(), NOW(), 1),
  (335, 7, '', '60', 600, '2017-08-01 00:00:00', 'https://chromereleases.googleblog.com/2017/08/chrome-for-android-update.html', 'retired', 'Blink', '60', 1, 'mobile-webview_android-60', '', '', '', '', NOW(), NOW(), 1),
  (336, 7, '', '61', 610, '2017-09-05 00:00:00', 'https://chromereleases.googleblog.com/2017/09/chrome-for-android-update.html', 'retired', 'Blink', '61', 1, 'mobile-webview_android-61', '', '', '', '', NOW(), NOW(), 1),
  (337, 7, '', '62', 620, '2017-10-24 00:00:00', 'https://chromereleases.googleblog.com/2017/10/chrome-for-android-update.html', 'retired', 'Blink', '62', 1, 'mobile-webview_android-62', '', '', '', '', NOW(), NOW(), 1),
  (338, 7, '', '63', 630, '2017-12-05 00:00:00', 'https://chromereleases.googleblog.com/2017/12/chrome-for-android-update.html', 'retired', 'Blink', '63', 1, 'mobile-webview_android-63', '', '', '', '', NOW(), NOW(), 1),
  (339, 7, '', '64', 640, '2018-01-23 00:00:00', 'https://chromereleases.googleblog.com/2018/01/chrome-for-android-update.html', 'retired', 'Blink', '64', 1, 'mobile-webview_android-64', '', '', '', '', NOW(), NOW(), 1),
  (340, 7, '', '65', 650, '2017-03-06 00:00:00', 'https://chromereleases.googleblog.com/2018/03/chrome-for-android-update.html', 'retired', 'Blink', '65', 1, 'mobile-webview_android-65', '', '', '', '', NOW(), NOW(), 1),
  (341, 7, '', '66', 660, '2017-04-17 00:00:00', 'https://chromereleases.googleblog.com/2018/04/chrome-for-android-update.html', 'retired', 'Blink', '66', 1, 'mobile-webview_android-66', '', '', '', '', NOW(), NOW(), 1),
  (342, 7, '', '67', 670, '2018-05-31 00:00:00', 'https://chromereleases.googleblog.com/2018/05/chrome-for-android-update_31.html', 'retired', 'Blink', '67', 1, 'mobile-webview_android-67', '', '', '', '', NOW(), NOW(), 1),
  (343, 7, '', '68', 680, '2018-07-24 00:00:00', 'https://chromereleases.googleblog.com/2018/07/chrome-for-android-update.html', 'retired', 'Blink', '68', 1, 'mobile-webview_android-68', '', '', '', '', NOW(), NOW(), 1),
  (344, 7, '', '69', 690, '2018-09-04 00:00:00', 'https://chromereleases.googleblog.com/2018/09/chrome-for-android-update.html', 'retired', 'Blink', '69', 1, 'mobile-webview_android-69', '', '', '', '', NOW(), NOW(), 1),
  (345, 7, '', '70', 700, '2018-10-17 00:00:00', 'https://chromereleases.googleblog.com/2018/10/chrome-for-android-update.html', 'retired', 'Blink', '70', 1, 'mobile-webview_android-70', '', '', '', '', NOW(), NOW(), 1),
  (346, 7, '', '71', 710, '2018-12-04 00:00:00', 'https://chromereleases.googleblog.com/2018/12/chrome-for-android-update.html', 'retired', 'Blink', '71', 1, 'mobile-webview_android-71', '', '', '', '', NOW(), NOW(), 1),
  (347, 7, '', '72', 720, '2019-01-29 00:00:00', 'https://chromereleases.googleblog.com/2019/01/chrome-for-android-update_29.html', 'retired', 'Blink', '72', 1, 'mobile-webview_android-72', '', '', '', '', NOW(), NOW(), 1),
  (348, 7, '', '73', 730, '2019-03-12 00:00:00', 'https://chromereleases.googleblog.com/2019/03/chrome-for-android-update_12.html', 'retired', 'Blink', '73', 1, 'mobile-webview_android-73', '', '', '', '', NOW(), NOW(), 1),
  (349, 7, '', '74', 740, '2019-04-24 00:00:00', 'https://chromereleases.googleblog.com/2019/04/chrome-for-android-update.html', 'retired', 'Blink', '74', 1, 'mobile-webview_android-74', '', '', '', '', NOW(), NOW(), 1),
  (350, 7, '', '75', 750, '2019-06-04 00:00:00', 'https://chromereleases.googleblog.com/2019/06/chrome-for-android-update.html', 'retired', 'Blink', '75', 1, 'mobile-webview_android-75', '', '', '', '', NOW(), NOW(), 1),
  (351, 7, '', '76', 760, '2019-07-30 00:00:00', 'https://chromereleases.googleblog.com/2019/07/chrome-for-android-update_30.html', 'current', 'Blink', '76', 1, 'mobile-webview_android-76', '', '', '', '', NOW(), NOW(), 1),
  (352, 7, '', '77', 770, '2018-05-04 00:00:00', 'https://chromereleases.googleblog.com/2019/09/chrome-for-android-update.html', 'current', 'Blink', '77', 1, 'mobile-webview_android-77', '', '', '', '', NOW(), NOW(), 1),
  (353, 7, '', '78', 780, '2018-05-04 00:00:00', '', 'beta', 'Blink', '78', 1, 'mobile-webview_android-78', '', '', '', '', NOW(), NOW(), 1),
  (354, 7, '', '79', 790, '2018-05-04 00:00:00', '', 'nightly', 'Blink', '79', 1, 'mobile-webview_android-79', '', '', '', '', NOW(), NOW(), 1),
  (355, 8, '', 'No', 1, '1900-01-01 00:00:00', '', '', '', '', 1, 'mobile-chrome_android', '', '', '', '', NOW(), NOW(), 1),
  (356, 8, '', 'Yes', 2, '1900-01-01 00:00:00', '', '', '', '', 1, 'mobile-chrome_android', '', '', '', '', NOW(), NOW(), 1),
  (357, 8, '', '?', 3, '1900-01-01 00:00:00', '', '', '', '', 1, 'mobile-chrome_android', '', '', '', '', NOW(), NOW(), 1),
  (358, 8, '', '18', 180, '2012-06-27 00:00:00', 'https://chromereleases.googleblog.com/2012/06/chrome-for-android-out-of-beta.html', 'retired', 'WebKit', '535.19', 1, 'mobile-chrome_android-18', '', '', '', '', NOW(), NOW(), 1),
  (359, 8, '', '25', 250, '2013-02-27 00:00:00', 'https://chromereleases.googleblog.com/2013/02/chrome-for-android-update.html', 'retired', 'WebKit', '537.22', 1, 'mobile-chrome_android-25', '', '', '', '', NOW(), NOW(), 1),
  (360, 8, '', '26', 260, '2013-04-03 00:00:00', 'https://chromereleases.googleblog.com/2013/04/chrome-for-android-stable-channel-update.html', 'retired', 'WebKit', '537.31', 1, 'mobile-chrome_android-26', '', '', '', '', NOW(), NOW(), 1),
  (361, 8, '', '27', 270, '2013-05-22 00:00:00', 'https://chromereleases.googleblog.com/2013/05/chrome-for-android-update.html', 'retired', 'WebKit', '537.36', 1, 'mobile-chrome_android-27', '', '', '', '', NOW(), NOW(), 1),
  (362, 8, '', '28', 280, '2013-07-10 00:00:00', 'https://chromereleases.googleblog.com/2013/07/chrome-for-android-update.html', 'retired', 'Blink', '28', 1, 'mobile-chrome_android-28', '', '', '', '', NOW(), NOW(), 1),
  (363, 8, '', '29', 290, '2013-08-21 00:00:00', 'https://chromereleases.googleblog.com/2013/08/chrome-for-android-update.html', 'retired', 'Blink', '29', 1, 'mobile-chrome_android-29', '', '', '', '', NOW(), NOW(), 1),
  (364, 8, '', '30', 300, '2013-10-02 00:00:00', 'https://chromereleases.googleblog.com/2013/10/chrome-for-android-update.html', 'retired', 'Blink', '30', 1, 'mobile-chrome_android-30', '', '', '', '', NOW(), NOW(), 1),
  (365, 8, '', '31', 310, '2013-11-14 00:00:00', 'https://chromereleases.googleblog.com/2013/11/chrome-for-android-update.html', 'retired', 'Blink', '31', 1, 'mobile-chrome_android-31', '', '', '', '', NOW(), NOW(), 1),
  (366, 8, '', '32', 320, '2014-01-15 00:00:00', 'https://chromereleases.googleblog.com/2014/01/chrome-for-android-update.html', 'retired', 'Blink', '32', 1, 'mobile-chrome_android-32', '', '', '', '', NOW(), NOW(), 1),
  (367, 8, '', '33', 330, '2014-02-26 00:00:00', 'https://chromereleases.googleblog.com/2014/02/chrome-for-android-update.html', 'retired', 'Blink', '33', 1, 'mobile-chrome_android-33', '', '', '', '', NOW(), NOW(), 1),
  (368, 8, '', '34', 340, '2014-04-02 00:00:00', 'https://chromereleases.googleblog.com/2014/04/chrome-for-android-update.html', 'retired', 'Blink', '34', 1, 'mobile-chrome_android-34', '', '', '', '', NOW(), NOW(), 1),
  (369, 8, '', '35', 350, '2014-05-20 00:00:00', 'https://chromereleases.googleblog.com/2014/05/chrome-for-android-update.html', 'retired', 'Blink', '35', 1, 'mobile-chrome_android-35', '', '', '', '', NOW(), NOW(), 1),
  (370, 8, '', '36', 360, '2014-07-16 00:00:00', 'https://chromereleases.googleblog.com/2014/07/chrome-for-android-update.html', 'retired', 'Blink', '36', 1, 'mobile-chrome_android-36', '', '', '', '', NOW(), NOW(), 1),
  (371, 8, '', '37', 370, '2014-09-03 00:00:00', 'https://chromereleases.googleblog.com/2014/09/chrome-for-android-update.html', 'retired', 'Blink', '37', 1, 'mobile-chrome_android-37', '', '', '', '', NOW(), NOW(), 1),
  (372, 8, '', '38', 380, '2014-10-08 00:00:00', 'https://chromereleases.googleblog.com/2014/10/chrome-for-android-update.html', 'retired', 'Blink', '38', 1, 'mobile-chrome_android-38', '', '', '', '', NOW(), NOW(), 1),
  (373, 8, '', '39', 390, '2014-11-12 00:00:00', 'https://chromereleases.googleblog.com/2014/11/chrome-for-android-update.html', 'retired', 'Blink', '39', 1, 'mobile-chrome_android-39', '', '', '', '', NOW(), NOW(), 1),
  (374, 8, '', '40', 400, '2015-01-21 00:00:00', 'https://chromereleases.googleblog.com/2015/01/chrome-for-android-update.html', 'retired', 'Blink', '40', 1, 'mobile-chrome_android-40', '', '', '', '', NOW(), NOW(), 1),
  (375, 8, '', '41', 410, '2015-03-11 00:00:00', 'https://chromereleases.googleblog.com/2015/03/chrome-for-android-update.html', 'retired', 'Blink', '41', 1, 'mobile-chrome_android-41', '', '', '', '', NOW(), NOW(), 1),
  (376, 8, '', '42', 420, '2015-04-15 00:00:00', 'https://chromereleases.googleblog.com/2015/04/chrome-for-android-update.html', 'retired', 'Blink', '42', 1, 'mobile-chrome_android-42', '', '', '', '', NOW(), NOW(), 1),
  (377, 8, '', '43', 430, '2015-05-27 00:00:00', 'https://chromereleases.googleblog.com/2015/05/chrome-for-android-update.html', 'retired', 'Blink', '43', 1, 'mobile-chrome_android-43', '', '', '', '', NOW(), NOW(), 1),
  (378, 8, '', '44', 440, '2015-07-29 00:00:00', 'https://chromereleases.googleblog.com/2015/07/chrome-for-android-update.html', 'retired', 'Blink', '44', 1, 'mobile-chrome_android-44', '', '', '', '', NOW(), NOW(), 1),
  (379, 8, '', '45', 450, '2015-09-01 00:00:00', 'https://chromereleases.googleblog.com/2015/09/chrome-for-android-update.html', 'retired', 'Blink', '45', 1, 'mobile-chrome_android-45', '', '', '', '', NOW(), NOW(), 1),
  (380, 8, '', '46', 460, '2015-10-14 00:00:00', 'https://chromereleases.googleblog.com/2015/10/chrome-for-android-update.html', 'retired', 'Blink', '46', 1, 'mobile-chrome_android-46', '', '', '', '', NOW(), NOW(), 1),
  (381, 8, '', '47', 470, '2015-12-02 00:00:00', 'https://chromereleases.googleblog.com/2015/12/chrome-for-android-update.html', 'retired', 'Blink', '47', 1, 'mobile-chrome_android-47', '', '', '', '', NOW(), NOW(), 1),
  (382, 8, '', '48', 480, '2016-01-26 00:00:00', '', 'retired', 'Blink', '48', 1, 'mobile-chrome_android-48', '', '', '', '', NOW(), NOW(), 1),
  (383, 8, '', '49', 490, '2016-03-09 00:00:00', 'https://chromereleases.googleblog.com/2016/03/chrome-for-android-update.html', 'retired', 'Blink', '49', 1, 'mobile-chrome_android-49', '', '', '', '', NOW(), NOW(), 1),
  (384, 8, '', '50', 500, '2016-04-13 00:00:00', '', 'retired', 'Blink', '50', 1, 'mobile-chrome_android-50', '', '', '', '', NOW(), NOW(), 1),
  (385, 8, '', '51', 510, '2016-06-08 00:00:00', 'https://chromereleases.googleblog.com/2016/06/chrome-for-android-update.html', 'retired', 'Blink', '51', 1, 'mobile-chrome_android-51', '', '', '', '', NOW(), NOW(), 1),
  (386, 8, '', '52', 520, '2016-07-27 00:00:00', 'https://chromereleases.googleblog.com/2016/07/chrome-for-android-update.html', 'retired', 'Blink', '52', 1, 'mobile-chrome_android-52', '', '', '', '', NOW(), NOW(), 1),
  (387, 8, '', '53', 530, '2016-09-07 00:00:00', 'https://chromereleases.googleblog.com/2016/09/chrome-for-android-update.html', 'retired', 'Blink', '53', 1, 'mobile-chrome_android-53', '', '', '', '', NOW(), NOW(), 1),
  (388, 8, '', '54', 540, '2016-10-19 00:00:00', 'https://chromereleases.googleblog.com/2016/10/chrome-for-android-update.html', 'retired', 'Blink', '54', 1, 'mobile-chrome_android-54', '', '', '', '', NOW(), NOW(), 1),
  (389, 8, '', '55', 550, '2016-12-06 00:00:00', 'https://chromereleases.googleblog.com/2016/12/chrome-for-android-update.html', 'retired', 'Blink', '55', 1, 'mobile-chrome_android-55', '', '', '', '', NOW(), NOW(), 1),
  (390, 8, '', '56', 560, '2017-02-01 00:00:00', 'https://chromereleases.googleblog.com/2017/02/chrome-for-android-update.html', 'retired', 'Blink', '56', 1, 'mobile-chrome_android-56', '', '', '', '', NOW(), NOW(), 1),
  (391, 8, '', '57', 570, '2017-03-16 00:00:00', 'https://chromereleases.googleblog.com/2017/03/chrome-for-android-update.html', 'retired', 'Blink', '57', 1, 'mobile-chrome_android-57', '', '', '', '', NOW(), NOW(), 1),
  (392, 8, '', '58', 580, '2017-04-25 00:00:00', 'https://chromereleases.googleblog.com/2017/04/chrome-for-android-update.html', 'retired', 'Blink', '58', 1, 'mobile-chrome_android-58', '', '', '', '', NOW(), NOW(), 1),
  (393, 8, '', '59', 590, '2017-06-06 00:00:00', 'https://chromereleases.googleblog.com/2017/06/chrome-for-android-update.html', 'retired', 'Blink', '59', 1, 'mobile-chrome_android-59', '', '', '', '', NOW(), NOW(), 1),
  (394, 8, '', '60', 600, '2017-08-01 00:00:00', 'https://chromereleases.googleblog.com/2017/08/chrome-for-android-update.html', 'retired', 'Blink', '60', 1, 'mobile-chrome_android-60', '', '', '', '', NOW(), NOW(), 1),
  (395, 8, '', '61', 610, '2017-09-05 00:00:00', 'https://chromereleases.googleblog.com/2017/09/chrome-for-android-update.html', 'retired', 'Blink', '61', 1, 'mobile-chrome_android-61', '', '', '', '', NOW(), NOW(), 1),
  (396, 8, '', '62', 620, '2017-10-24 00:00:00', 'https://chromereleases.googleblog.com/2017/10/chrome-for-android-update.html', 'retired', 'Blink', '62', 1, 'mobile-chrome_android-62', '', '', '', '', NOW(), NOW(), 1),
  (397, 8, '', '63', 630, '2017-12-05 00:00:00', 'https://chromereleases.googleblog.com/2017/12/chrome-for-android-update.html', 'retired', 'Blink', '63', 1, 'mobile-chrome_android-63', '', '', '', '', NOW(), NOW(), 1),
  (398, 8, '', '64', 640, '2018-01-23 00:00:00', 'https://chromereleases.googleblog.com/2018/01/chrome-for-android-update.html', 'retired', 'Blink', '64', 1, 'mobile-chrome_android-64', '', '', '', '', NOW(), NOW(), 1),
  (399, 8, '', '65', 650, '2018-03-06 00:00:00', 'https://chromereleases.googleblog.com/2018/03/chrome-for-android-update.html', 'retired', 'Blink', '65', 1, 'mobile-chrome_android-65', '', '', '', '', NOW(), NOW(), 1),
  (400, 8, '', '66', 660, '2018-04-17 00:00:00', 'https://chromereleases.googleblog.com/2018/04/chrome-for-android-update.html', 'retired', 'Blink', '66', 1, 'mobile-chrome_android-66', '', '', '', '', NOW(), NOW(), 1),
  (401, 8, '', '67', 670, '2018-05-31 00:00:00', 'https://chromereleases.googleblog.com/2018/05/chrome-for-android-update_31.html', 'retired', 'Blink', '67', 1, 'mobile-chrome_android-67', '', '', '', '', NOW(), NOW(), 1),
  (402, 8, '', '68', 680, '2018-07-24 00:00:00', 'https://chromereleases.googleblog.com/2018/07/chrome-for-android-update.html', 'retired', 'Blink', '68', 1, 'mobile-chrome_android-68', '', '', '', '', NOW(), NOW(), 1),
  (403, 8, '', '69', 690, '2018-09-04 00:00:00', 'https://chromereleases.googleblog.com/2018/09/chrome-for-android-update.html', 'retired', 'Blink', '69', 1, 'mobile-chrome_android-69', '', '', '', '', NOW(), NOW(), 1),
  (404, 8, '', '70', 700, '2018-10-17 00:00:00', 'https://chromereleases.googleblog.com/2018/10/chrome-for-android-update.html', 'retired', 'Blink', '70', 1, 'mobile-chrome_android-70', '', '', '', '', NOW(), NOW(), 1),
  (405, 8, '', '71', 710, '2018-12-04 00:00:00', 'https://chromereleases.googleblog.com/2018/12/chrome-for-android-update.html', 'retired', 'Blink', '71', 1, 'mobile-chrome_android-71', '', '', '', '', NOW(), NOW(), 1),
  (406, 8, '', '72', 720, '2019-01-29 00:00:00', 'https://chromereleases.googleblog.com/2019/01/chrome-for-android-update_29.html', 'retired', 'Blink', '72', 1, 'mobile-chrome_android-72', '', '', '', '', NOW(), NOW(), 1),
  (407, 8, '', '73', 730, '2019-03-12 00:00:00', 'https://chromereleases.googleblog.com/2019/03/chrome-for-android-update_12.html', 'retired', 'Blink', '73', 1, 'mobile-chrome_android-73', '', '', '', '', NOW(), NOW(), 1),
  (408, 8, '', '74', 740, '2019-04-24 00:00:00', 'https://chromereleases.googleblog.com/2019/04/chrome-for-android-update.html', 'retired', 'Blink', '74', 1, 'mobile-chrome_android-74', '', '', '', '', NOW(), NOW(), 1),
  (409, 8, '', '75', 750, '2019-06-04 00:00:00', 'https://chromereleases.googleblog.com/2019/06/chrome-for-android-update.html', 'retired', 'Blink', '75', 1, 'mobile-chrome_android-75', '', '', '', '', NOW(), NOW(), 1),
  (410, 8, '', '76', 760, '2019-07-30 00:00:00', 'https://chromereleases.googleblog.com/2019/07/chrome-for-android-update_30.html', 'retired', 'Blink', '76', 1, 'mobile-chrome_android-76', '', '', '', '', NOW(), NOW(), 1),
  (411, 8, '', '77', 770, '2019-09-10 00:00:00', 'https://chromereleases.googleblog.com/2019/09/chrome-for-android-update.html', 'current', 'Blink', '77', 1, 'mobile-chrome_android-77', '', '', '', '', NOW(), NOW(), 1),
  (412, 8, '', '78', 780, '1900-01-01 00:00:00', '', 'beta', 'Blink', '78', 1, 'mobile-chrome_android-78', '', '', '', '', NOW(), NOW(), 1),
  (413, 8, '', '79', 790, '1900-01-01 00:00:00', '', 'nightly', 'Blink', '79', 1, 'mobile-chrome_android-79', '', '', '', '', NOW(), NOW(), 1),
  (414, 9, '', 'No', 1, '1900-01-01 00:00:00', '', '', '', '', 1, 'mobile-firefox_android', '', '', '', '', NOW(), NOW(), 1),
  (415, 9, '', 'Yes', 2, '1900-01-01 00:00:00', '', '', '', '', 1, 'mobile-firefox_android', '', '', '', '', NOW(), NOW(), 1),
  (416, 9, '', '?', 3, '1900-01-01 00:00:00', '', '', '', '', 1, 'mobile-firefox_android', '', '', '', '', NOW(), NOW(), 1),
  (417, 9, '', '4', 40, '2011-03-29 00:00:00', 'https://developer.mozilla.org/docs/Mozilla/Firefox/Releases/4', 'retired', 'Gecko', '2', 1, 'mobile-firefox_android-4', '', '', '', '', NOW(), NOW(), 1),
  (418, 9, '', '5', 50, '2011-06-21 00:00:00', 'https://developer.mozilla.org/docs/Mozilla/Firefox/Releases/5', 'retired', 'Gecko', '5', 1, 'mobile-firefox_android-5', '', '', '', '', NOW(), NOW(), 1),
  (419, 9, '', '6', 60, '2011-08-16 00:00:00', 'https://developer.mozilla.org/docs/Mozilla/Firefox/Releases/6', 'retired', 'Gecko', '6', 1, 'mobile-firefox_android-6', '', '', '', '', NOW(), NOW(), 1),
  (420, 9, '', '7', 70, '2011-09-27 00:00:00', 'https://developer.mozilla.org/docs/Mozilla/Firefox/Releases/7', 'retired', 'Gecko', '7', 1, 'mobile-firefox_android-7', '', '', '', '', NOW(), NOW(), 1),
  (421, 9, '', '8', 80, '2011-11-08 00:00:00', 'https://developer.mozilla.org/docs/Mozilla/Firefox/Releases/8', 'retired', 'Gecko', '8', 1, 'mobile-firefox_android-8', '', '', '', '', NOW(), NOW(), 1),
  (422, 9, '', '9', 90, '2011-12-21 00:00:00', 'https://developer.mozilla.org/docs/Mozilla/Firefox/Releases/9', 'retired', 'Gecko', '9', 1, 'mobile-firefox_android-9', '', '', '', '', NOW(), NOW(), 1),
  (423, 9, '', '10', 100, '2012-01-31 00:00:00', 'https://developer.mozilla.org/docs/Mozilla/Firefox/Releases/10', 'retired', 'Gecko', '10', 1, 'mobile-firefox_android-10', '', '', '', '', NOW(), NOW(), 1),
  (424, 9, '', '14', 140, '2012-06-26 00:00:00', 'https://developer.mozilla.org/docs/Mozilla/Firefox/Releases/14', 'retired', 'Gecko', '14', 1, 'mobile-firefox_android-14', '', '', '', '', NOW(), NOW(), 1),
  (425, 9, '', '15', 150, '2012-08-28 00:00:00', 'https://developer.mozilla.org/docs/Mozilla/Firefox/Releases/15', 'retired', 'Gecko', '15', 1, 'mobile-firefox_android-15', '', '', '', '', NOW(), NOW(), 1),
  (426, 9, '', '16', 160, '2012-10-09 00:00:00', 'https://developer.mozilla.org/docs/Mozilla/Firefox/Releases/16', 'retired', 'Gecko', '16', 1, 'mobile-firefox_android-16', '', '', '', '', NOW(), NOW(), 1),
  (427, 9, '', '17', 170, '2012-11-20 00:00:00', 'https://developer.mozilla.org/docs/Mozilla/Firefox/Releases/17', 'retired', 'Gecko', '17', 1, 'mobile-firefox_android-17', '', '', '', '', NOW(), NOW(), 1),
  (428, 9, '', '18', 180, '2013-01-08 00:00:00', 'https://developer.mozilla.org/docs/Mozilla/Firefox/Releases/18', 'retired', 'Gecko', '18', 1, 'mobile-firefox_android-18', '', '', '', '', NOW(), NOW(), 1),
  (429, 9, '', '19', 190, '2013-02-19 00:00:00', 'https://developer.mozilla.org/docs/Mozilla/Firefox/Releases/19', 'retired', 'Gecko', '19', 1, 'mobile-firefox_android-19', '', '', '', '', NOW(), NOW(), 1),
  (430, 9, '', '20', 200, '2013-04-02 00:00:00', 'https://developer.mozilla.org/docs/Mozilla/Firefox/Releases/20', 'retired', 'Gecko', '20', 1, 'mobile-firefox_android-20', '', '', '', '', NOW(), NOW(), 1),
  (431, 9, '', '21', 210, '2013-05-14 00:00:00', 'https://developer.mozilla.org/docs/Mozilla/Firefox/Releases/21', 'retired', 'Gecko', '21', 1, 'mobile-firefox_android-21', '', '', '', '', NOW(), NOW(), 1),
  (432, 9, '', '22', 220, '2013-06-25 00:00:00', 'https://developer.mozilla.org/docs/Mozilla/Firefox/Releases/22', 'retired', 'Gecko', '22', 1, 'mobile-firefox_android-22', '', '', '', '', NOW(), NOW(), 1),
  (433, 9, '', '23', 230, '2013-08-06 00:00:00', 'https://developer.mozilla.org/docs/Mozilla/Firefox/Releases/23', 'retired', 'Gecko', '23', 1, 'mobile-firefox_android-23', '', '', '', '', NOW(), NOW(), 1),
  (434, 9, '', '24', 240, '2013-09-17 00:00:00', 'https://developer.mozilla.org/docs/Mozilla/Firefox/Releases/24', 'retired', 'Gecko', '24', 1, 'mobile-firefox_android-24', '', '', '', '', NOW(), NOW(), 1),
  (435, 9, '', '25', 250, '2013-10-29 00:00:00', 'https://developer.mozilla.org/docs/Mozilla/Firefox/Releases/25', 'retired', 'Gecko', '25', 1, 'mobile-firefox_android-25', '', '', '', '', NOW(), NOW(), 1),
  (436, 9, '', '26', 260, '2013-12-10 00:00:00', 'https://developer.mozilla.org/docs/Mozilla/Firefox/Releases/26', 'retired', 'Gecko', '26', 1, 'mobile-firefox_android-26', '', '', '', '', NOW(), NOW(), 1),
  (437, 9, '', '27', 270, '2014-02-04 00:00:00', 'https://developer.mozilla.org/docs/Mozilla/Firefox/Releases/27', 'retired', 'Gecko', '27', 1, 'mobile-firefox_android-27', '', '', '', '', NOW(), NOW(), 1),
  (438, 9, '', '28', 280, '2014-03-18 00:00:00', 'https://developer.mozilla.org/docs/Mozilla/Firefox/Releases/28', 'retired', 'Gecko', '28', 1, 'mobile-firefox_android-28', '', '', '', '', NOW(), NOW(), 1),
  (439, 9, '', '29', 290, '2014-04-29 00:00:00', 'https://developer.mozilla.org/docs/Mozilla/Firefox/Releases/29', 'retired', 'Gecko', '29', 1, 'mobile-firefox_android-29', '', '', '', '', NOW(), NOW(), 1),
  (440, 9, '', '30', 300, '2014-06-10 00:00:00', 'https://developer.mozilla.org/docs/Mozilla/Firefox/Releases/30', 'retired', 'Gecko', '30', 1, 'mobile-firefox_android-30', '', '', '', '', NOW(), NOW(), 1),
  (441, 9, '', '31', 310, '2014-07-22 00:00:00', 'https://developer.mozilla.org/docs/Mozilla/Firefox/Releases/31', 'retired', 'Gecko', '31', 1, 'mobile-firefox_android-31', '', '', '', '', NOW(), NOW(), 1),
  (442, 9, '', '32', 320, '2014-09-02 00:00:00', 'https://developer.mozilla.org/docs/Mozilla/Firefox/Releases/32', 'retired', 'Gecko', '32', 1, 'mobile-firefox_android-32', '', '', '', '', NOW(), NOW(), 1),
  (443, 9, '', '33', 330, '2014-10-14 00:00:00', 'https://developer.mozilla.org/docs/Mozilla/Firefox/Releases/33', 'retired', 'Gecko', '33', 1, 'mobile-firefox_android-33', '', '', '', '', NOW(), NOW(), 1),
  (444, 9, '', '34', 340, '2014-12-01 00:00:00', 'https://developer.mozilla.org/docs/Mozilla/Firefox/Releases/34', 'retired', 'Gecko', '34', 1, 'mobile-firefox_android-34', '', '', '', '', NOW(), NOW(), 1),
  (445, 9, '', '35', 350, '2015-01-13 00:00:00', 'https://developer.mozilla.org/docs/Mozilla/Firefox/Releases/35', 'retired', 'Gecko', '35', 1, 'mobile-firefox_android-35', '', '', '', '', NOW(), NOW(), 1),
  (446, 9, '', '36', 360, '2015-02-27 00:00:00', 'https://developer.mozilla.org/docs/Mozilla/Firefox/Releases/36', 'retired', 'Gecko', '36', 1, 'mobile-firefox_android-36', '', '', '', '', NOW(), NOW(), 1),
  (447, 9, '', '37', 370, '2015-03-31 00:00:00', 'https://developer.mozilla.org/docs/Mozilla/Firefox/Releases/37', 'retired', 'Gecko', '37', 1, 'mobile-firefox_android-37', '', '', '', '', NOW(), NOW(), 1),
  (448, 9, '', '38', 380, '2015-05-12 00:00:00', 'https://developer.mozilla.org/docs/Mozilla/Firefox/Releases/38', 'retired', 'Gecko', '38', 1, 'mobile-firefox_android-38', '', '', '', '', NOW(), NOW(), 1),
  (449, 9, '', '39', 390, '2015-07-02 00:00:00', 'https://developer.mozilla.org/docs/Mozilla/Firefox/Releases/39', 'retired', 'Gecko', '39', 1, 'mobile-firefox_android-39', '', '', '', '', NOW(), NOW(), 1),
  (450, 9, '', '40', 400, '2015-08-11 00:00:00', 'https://developer.mozilla.org/docs/Mozilla/Firefox/Releases/40', 'retired', 'Gecko', '40', 1, 'mobile-firefox_android-40', '', '', '', '', NOW(), NOW(), 1),
  (451, 9, '', '41', 410, '2015-09-22 00:00:00', 'https://developer.mozilla.org/docs/Mozilla/Firefox/Releases/41', 'retired', 'Gecko', '41', 1, 'mobile-firefox_android-41', '', '', '', '', NOW(), NOW(), 1),
  (452, 9, '', '42', 420, '2015-11-03 00:00:00', 'https://developer.mozilla.org/docs/Mozilla/Firefox/Releases/42', 'retired', 'Gecko', '42', 1, 'mobile-firefox_android-42', '', '', '', '', NOW(), NOW(), 1),
  (453, 9, '', '43', 430, '2015-12-15 00:00:00', 'https://developer.mozilla.org/docs/Mozilla/Firefox/Releases/43', 'retired', 'Gecko', '43', 1, 'mobile-firefox_android-43', '', '', '', '', NOW(), NOW(), 1),
  (454, 9, '', '44', 440, '2016-01-26 00:00:00', 'https://developer.mozilla.org/docs/Mozilla/Firefox/Releases/44', 'retired', 'Gecko', '44', 1, 'mobile-firefox_android-44', '', '', '', '', NOW(), NOW(), 1),
  (455, 9, '', '45', 450, '2016-03-08 00:00:00', 'https://developer.mozilla.org/docs/Mozilla/Firefox/Releases/45', 'retired', 'Gecko', '45', 1, 'mobile-firefox_android-45', '', '', '', '', NOW(), NOW(), 1),
  (456, 9, '', '46', 460, '2016-04-26 00:00:00', 'https://developer.mozilla.org/docs/Mozilla/Firefox/Releases/46', 'retired', 'Gecko', '46', 1, 'mobile-firefox_android-46', '', '', '', '', NOW(), NOW(), 1),
  (457, 9, '', '47', 470, '2016-06-07 00:00:00', 'https://developer.mozilla.org/docs/Mozilla/Firefox/Releases/47', 'retired', 'Gecko', '47', 1, 'mobile-firefox_android-47', '', '', '', '', NOW(), NOW(), 1),
  (458, 9, '', '48', 480, '2016-08-02 00:00:00', 'https://developer.mozilla.org/docs/Mozilla/Firefox/Releases/48', 'retired', 'Gecko', '48', 1, 'mobile-firefox_android-48', '', '', '', '', NOW(), NOW(), 1),
  (459, 9, '', '49', 490, '2016-09-20 00:00:00', 'https://developer.mozilla.org/docs/Mozilla/Firefox/Releases/49', 'retired', 'Gecko', '49', 1, 'mobile-firefox_android-49', '', '', '', '', NOW(), NOW(), 1),
  (460, 9, '', '50', 500, '2016-11-15 00:00:00', 'https://developer.mozilla.org/docs/Mozilla/Firefox/Releases/50', 'retired', 'Gecko', '50', 1, 'mobile-firefox_android-50', '', '', '', '', NOW(), NOW(), 1),
  (461, 9, '', '51', 510, '2017-01-24 00:00:00', 'https://developer.mozilla.org/docs/Mozilla/Firefox/Releases/51', 'retired', 'Gecko', '51', 1, 'mobile-firefox_android-51', '', '', '', '', NOW(), NOW(), 1),
  (462, 9, '', '52', 520, '2017-03-07 00:00:00', 'https://developer.mozilla.org/docs/Mozilla/Firefox/Releases/52', 'retired', 'Gecko', '52', 1, 'mobile-firefox_android-52', '', '', '', '', NOW(), NOW(), 1),
  (463, 9, '', '53', 530, '2017-04-19 00:00:00', 'https://developer.mozilla.org/docs/Mozilla/Firefox/Releases/53', 'retired', 'Gecko', '53', 1, 'mobile-firefox_android-53', '', '', '', '', NOW(), NOW(), 1),
  (464, 9, '', '54', 540, '2017-06-13 00:00:00', 'https://developer.mozilla.org/docs/Mozilla/Firefox/Releases/54', 'retired', 'Gecko', '54', 1, 'mobile-firefox_android-54', '', '', '', '', NOW(), NOW(), 1),
  (465, 9, '', '55', 550, '2017-08-08 00:00:00', 'https://developer.mozilla.org/docs/Mozilla/Firefox/Releases/55', 'retired', 'Gecko', '55', 1, 'mobile-firefox_android-55', '', '', '', '', NOW(), NOW(), 1),
  (466, 9, '', '56', 560, '2017-09-28 00:00:00', 'https://developer.mozilla.org/docs/Mozilla/Firefox/Releases/56', 'retired', 'Gecko', '56', 1, 'mobile-firefox_android-56', '', '', '', '', NOW(), NOW(), 1),
  (467, 9, '', '57', 570, '2017-11-28 00:00:00', 'https://developer.mozilla.org/docs/Mozilla/Firefox/Releases/57', 'retired', 'Gecko', '57', 1, 'mobile-firefox_android-57', '', '', '', '', NOW(), NOW(), 1),
  (468, 9, '', '58', 580, '2018-01-22 00:00:00', 'https://developer.mozilla.org/docs/Mozilla/Firefox/Releases/58', 'retired', 'Gecko', '58', 1, 'mobile-firefox_android-58', '', '', '', '', NOW(), NOW(), 1),
  (469, 9, '', '59', 590, '2018-03-13 00:00:00', 'https://developer.mozilla.org/docs/Mozilla/Firefox/Releases/59', 'retired', 'Gecko', '59', 1, 'mobile-firefox_android-59', '', '', '', '', NOW(), NOW(), 1),
  (470, 9, '', '60', 600, '2018-05-09 00:00:00', 'https://developer.mozilla.org/docs/Mozilla/Firefox/Releases/60', 'esr', 'Gecko', '60', 1, 'mobile-firefox_android-60', '', '', '', '', NOW(), NOW(), 1),
  (471, 9, '', '61', 610, '2018-06-26 00:00:00', 'https://developer.mozilla.org/docs/Mozilla/Firefox/Releases/61', 'retired', 'Gecko', '61', 1, 'mobile-firefox_android-61', '', '', '', '', NOW(), NOW(), 1),
  (472, 9, '', '62', 620, '2018-09-05 00:00:00', 'https://developer.mozilla.org/docs/Mozilla/Firefox/Releases/62', 'retired', 'Gecko', '62', 1, 'mobile-firefox_android-62', '', '', '', '', NOW(), NOW(), 1),
  (473, 9, '', '63', 630, '2018-10-23 00:00:00', 'https://developer.mozilla.org/docs/Mozilla/Firefox/Releases/63', 'retired', 'Gecko', '63', 1, 'mobile-firefox_android-63', '', '', '', '', NOW(), NOW(), 1),
  (474, 9, '', '64', 640, '2018-12-11 00:00:00', 'https://developer.mozilla.org/docs/Mozilla/Firefox/Releases/64', 'retired', 'Gecko', '64', 1, 'mobile-firefox_android-64', '', '', '', '', NOW(), NOW(), 1),
  (475, 9, '', '65', 650, '2019-01-29 00:00:00', 'https://developer.mozilla.org/docs/Mozilla/Firefox/Releases/65', 'retired', 'Gecko', '65', 1, 'mobile-firefox_android-65', '', '', '', '', NOW(), NOW(), 1),
  (476, 9, '', '66', 660, '2019-03-19 00:00:00', 'https://developer.mozilla.org/docs/Mozilla/Firefox/Releases/66', 'retired', 'Gecko', '66', 1, 'mobile-firefox_android-66', '', '', '', '', NOW(), NOW(), 1),
  (477, 9, '', '67', 670, '2019-05-21 00:00:00', 'https://developer.mozilla.org/docs/Mozilla/Firefox/Releases/67', 'retired', 'Gecko', '67', 1, 'mobile-firefox_android-67', '', '', '', '', NOW(), NOW(), 1),
  (478, 9, '', '68', 680, '2019-07-09 00:00:00', 'https://developer.mozilla.org/docs/Mozilla/Firefox/Releases/68', 'current', 'Gecko', '68', 1, 'mobile-firefox_android-68', '', '', '', '', NOW(), NOW(), 1),
  (479, 10, '', 'No', 1, '1900-01-01 00:00:00', '', '', '', '', 1, 'mobile-opera_android', '', '', '', '', NOW(), NOW(), 1),
  (480, 10, '', 'Yes', 2, '1900-01-01 00:00:00', '', '', '', '', 1, 'mobile-opera_android', '', '', '', '', NOW(), NOW(), 1),
  (481, 10, '', '?', 3, '1900-01-01 00:00:00', '', '', '', '', 1, 'mobile-opera_android', '', '', '', '', NOW(), NOW(), 1),
  (482, 10, '', '10.1', 100, '2010-11-09 00:00:00', 'https://dev.opera.com/blog/opera-mobile-10-1-beta-for-android-is-here/', 'retired', 'Presto', '2.5', 1, 'mobile-opera_android-10.1', '', '', '', '', NOW(), NOW(), 1),
  (483, 10, '', '11', 110, '2011-03-22 00:00:00', 'https://dev.opera.com/blog/opera-mobile-11-for-maemo-meego-windows/', 'retired', 'Presto', '2.7', 1, 'mobile-opera_android-11', '', '', '', '', NOW(), NOW(), 1),
  (484, 10, '', '11.1', 111, '2011-06-30 00:00:00', 'https://dev.opera.com/blog/opera-mobile-11-1-new-features-and-additions/', 'retired', 'Presto', '2.8', 1, 'mobile-opera_android-11.1', '', '', '', '', NOW(), NOW(), 1),
  (485, 10, '', '11.5', 115, '2011-10-12 00:00:00', '', 'retired', 'Presto', '2.9', 1, 'mobile-opera_android-11.5', '', '', '', '', NOW(), NOW(), 1),
  (486, 10, '', '12', 120, '2012-02-25 00:00:00', 'https://dev.opera.com/blog/opera-mobile-12-and-introducing-opera-mini-next/', 'retired', 'Presto', '2.10', 1, 'mobile-opera_android-12', '', '', '', '', NOW(), NOW(), 1),
  (487, 10, '', '12.1', 121, '2012-10-09 00:00:00', 'https://dev.opera.com/blog/opera-mobile-12-1-with-spdy-web-sockets-flexbox-and-more/', 'retired', 'Presto', '2.11', 1, 'mobile-opera_android-12.1', '', '', '', '', NOW(), NOW(), 1),
  (488, 10, '', '14', 140, '2013-05-21 00:00:00', 'https://dev.opera.com/blog/opera-14-for-android-is-out/', 'retired', 'Blink', '26', 1, 'mobile-opera_android-14', '', '', '', '', NOW(), NOW(), 1),
  (489, 10, '', '15', 150, '2013-07-08 00:00:00', 'https://blogs.opera.com/news/2013/07/opera-15-for-android/', 'retired', 'Blink', '28', 1, 'mobile-opera_android-15', '', '', '', '', NOW(), NOW(), 1),
  (490, 10, '', '16', 160, '2013-09-18 00:00:00', '', 'retired', 'Blink', '29', 1, 'mobile-opera_android-16', '', '', '', '', NOW(), NOW(), 1),
  (491, 10, '', '18', 180, '2013-11-20 00:00:00', 'https://blogs.opera.com/news/2013/11/opera-18-android-tablet/', 'retired', 'Blink', '31', 1, 'mobile-opera_android-18', '', '', '', '', NOW(), NOW(), 1),
  (492, 10, '', '19', 190, '2014-01-28 00:00:00', 'https://dev.opera.com/blog/opera-19/', 'retired', 'Blink', '32', 1, 'mobile-opera_android-19', '', '', '', '', NOW(), NOW(), 1),
  (493, 10, '', '20', 200, '2014-03-06 00:00:00', 'https://forums.opera.com/topic/1081/opera-20-final-release', 'retired', 'Blink', '33', 1, 'mobile-opera_android-20', '', '', '', '', NOW(), NOW(), 1),
  (494, 10, '', '21', 210, '2014-04-22 00:00:00', 'https://forums.opera.com/topic/2211/opera-21-final-release', 'retired', 'Blink', '34', 1, 'mobile-opera_android-21', '', '', '', '', NOW(), NOW(), 1),
  (495, 10, '', '22', 220, '2014-06-17 00:00:00', 'https://forums.opera.com/topic/3446/opera-22', 'retired', 'Blink', '35', 1, 'mobile-opera_android-22', '', '', '', '', NOW(), NOW(), 1),
  (496, 10, '', '24', 240, '2014-09-10 00:00:00', 'https://forums.opera.com/topic/5022/opera-24-final-release', 'retired', 'Blink', '37', 1, 'mobile-opera_android-24', '', '', '', '', NOW(), NOW(), 1),
  (497, 10, '', '25', 250, '2014-10-16 00:00:00', 'https://forums.opera.com/topic/5715/opera-25-final-release', 'retired', 'Blink', '38', 1, 'mobile-opera_android-25', '', '', '', '', NOW(), NOW(), 1),
  (498, 10, '', '26', 260, '2014-12-02 00:00:00', 'https://forums.opera.com/topic/6800/opera-26-final-release', 'retired', 'Blink', '39', 1, 'mobile-opera_android-26', '', '', '', '', NOW(), NOW(), 1),
  (499, 10, '', '27', 270, '2015-01-29 00:00:00', 'https://forums.opera.com/topic/7871/opera-27-final-release', 'retired', 'Blink', '40', 1, 'mobile-opera_android-27', '', '', '', '', NOW(), NOW(), 1),
  (500, 10, '', '28', 280, '2015-03-10 00:00:00', 'https://forums.opera.com/topic/8556/synced-bookmarks-and-improved-memory-usage-in-opera-28-for-android', 'retired', 'Blink', '41', 1, 'mobile-opera_android-28', '', '', '', '', NOW(), NOW(), 1),
  (501, 10, '', '29', 290, '2015-04-28 00:00:00', 'https://dev.opera.com/blog/opera-29/', 'retired', 'Blink', '42', 1, 'mobile-opera_android-29', '', '', '', '', NOW(), NOW(), 1),
  (502, 10, '', '30', 300, '2015-06-10 00:00:00', 'https://blogs.opera.com/mobile/2015/06/opera-30-android-sync-speeddials/', 'retired', 'Blink', '43', 1, 'mobile-opera_android-30', '', '', '', '', NOW(), NOW(), 1),
  (503, 10, '', '32', 320, '2015-09-23 00:00:00', 'https://blogs.opera.com/mobile/2015/09/opera-32-add-to-home-screen/', 'retired', 'Blink', '45', 1, 'mobile-opera_android-32', '', '', '', '', NOW(), NOW(), 1),
  (504, 10, '', '33', 330, '2015-11-03 00:00:00', 'https://forums.opera.com/topic/12480/opera-33-now-featuring-video-optimization-and-brand-new-icons', 'retired', 'Blink', '46', 1, 'mobile-opera_android-33', '', '', '', '', NOW(), NOW(), 1),
  (505, 10, '', '34', 340, '2015-12-16 00:00:00', 'https://forums.opera.com/topic/13085/opera-34-for-android-released', 'retired', 'Blink', '47', 1, 'mobile-opera_android-34', '', '', '', '', NOW(), NOW(), 1),
  (506, 10, '', '35', 350, '2016-02-04 00:00:00', 'https://blogs.opera.com/mobile/2016/02/save-space-on-your-android-phone-with-web-apps/', 'retired', 'Blink', '48', 1, 'mobile-opera_android-35', '', '', '', '', NOW(), NOW(), 1),
  (507, 10, '', '36', 360, '2016-03-31 00:00:00', 'https://forums.opera.com/topic/14514/opera-36-released', 'retired', 'Blink', '49', 1, 'mobile-opera_android-36', '', '', '', '', NOW(), NOW(), 1),
  (508, 10, '', '37', 370, '2016-06-16 00:00:00', 'https://forums.opera.com/topic/15753/opera-37-released', 'retired', 'Blink', '50', 1, 'mobile-opera_android-37', '', '', '', '', NOW(), NOW(), 1),
  (509, 10, '', '41', 410, '2016-10-25 00:00:00', '', 'retired', 'Blink', '54', 1, 'mobile-opera_android-41', '', '', '', '', NOW(), NOW(), 1),
  (510, 10, '', '42', 420, '2017-01-21 00:00:00', 'https://forums.opera.com/topic/18950/opera-for-android-42', 'retired', 'Blink', '55', 1, 'mobile-opera_android-42', '', '', '', '', NOW(), NOW(), 1),
  (511, 10, '', '43', 430, '2017-09-27 00:00:00', 'https://forums.opera.com/topic/22708/opera-for-android-43', 'retired', 'Blink', '59', 1, 'mobile-opera_android-43', '', '', '', '', NOW(), NOW(), 1),
  (512, 10, '', '44', 440, '2017-12-11 00:00:00', 'https://forums.opera.com/topic/23860/opera-for-android-44', 'retired', 'Blink', '60', 1, 'mobile-opera_android-44', '', '', '', '', NOW(), NOW(), 1),
  (513, 10, '', '45', 450, '2018-02-15 00:00:00', 'https://forums.opera.com/topic/25124/opera-for-android-45', 'retired', 'Blink', '61', 1, 'mobile-opera_android-45', '', '', '', '', NOW(), NOW(), 1),
  (514, 10, '', '46', 460, '2018-05-14 00:00:00', 'https://forums.opera.com/topic/26662/opera-for-android-46', 'retired', 'Blink', '63', 1, 'mobile-opera_android-46', '', '', '', '', NOW(), NOW(), 1),
  (515, 10, '', '47', 470, '2018-07-23 00:00:00', 'https://forums.opera.com/topic/27794/opera-for-android-47', 'retired', 'Blink', '66', 1, 'mobile-opera_android-47', '', '', '', '', NOW(), NOW(), 1),
  (516, 10, '', '48', 480, '2018-11-08 00:00:00', 'https://forums.opera.com/topic/29525/opera-for-android-48', 'retired', 'Blink', '69', 1, 'mobile-opera_android-48', '', '', '', '', NOW(), NOW(), 1),
  (517, 10, '', '49', 490, '2018-12-07 00:00:00', 'https://forums.opera.com/topic/29983/opera-for-android-49', 'retired', 'Blink', '70', 1, 'mobile-opera_android-49', '', '', '', '', NOW(), NOW(), 1),
  (518, 10, '', '50', 500, '2019-02-18 00:00:00', 'https://forums.opera.com/topic/31003/opera-for-android-50', 'retired', 'Blink', '71', 1, 'mobile-opera_android-50', '', '', '', '', NOW(), NOW(), 1),
  (519, 10, '', '51', 510, '2019-03-21 00:00:00', 'https://forums.opera.com/topic/31467/opera-for-android-51-built-in-vpn', 'retired', 'Blink', '72', 1, 'mobile-opera_android-51', '', '', '', '', NOW(), NOW(), 1),
  (520, 10, '', '52', 520, '2019-05-17 00:00:00', 'https://forums.opera.com/topic/32516/opera-for-android-52', 'retired', 'Blink', '73', 1, 'mobile-opera_android-52', '', '', '', '', NOW(), NOW(), 1),
  (521, 10, '', '53', 530, '2019-07-11 00:00:00', 'https://forums.opera.com/topic/33558/opera-for-android-53', 'current', 'Blink', '74', 1, 'mobile-opera_android-53', '', '', '', '', NOW(), NOW(), 1),
  (522, 11, '', 'No', 1, '1900-01-01 00:00:00', '', '', '', '', 1, 'mobile-safari_ios', '', '', '', '', NOW(), NOW(), 1),
  (523, 11, '', 'Yes', 2, '1900-01-01 00:00:00', '', '', '', '', 1, 'mobile-safari_ios', '', '', '', '', NOW(), NOW(), 1),
  (524, 11, '', '?', 3, '1900-01-01 00:00:00', '', '', '', '', 1, 'mobile-safari_ios', '', '', '', '', NOW(), NOW(), 1),
  (525, 11, '', '1', 10, '2007-06-29 00:00:00', '', 'retired', 'WebKit', '522.11', 1, 'mobile-safari_ios-1', '', '', '', '', NOW(), NOW(), 1),
  (526, 11, '', '2', 20, '2008-07-11 00:00:00', '', 'retired', 'WebKit', '525.18', 1, 'mobile-safari_ios-2', '', '', '', '', NOW(), NOW(), 1),
  (527, 11, '', '3', 30, '2009-06-17 00:00:00', '', 'retired', 'WebKit', '528.18', 1, 'mobile-safari_ios-3', '', '', '', '', NOW(), NOW(), 1),
  (528, 11, '', '3.1', 31, '2009-09-09 00:00:00', '', 'retired', 'WebKit', '528.18', 1, 'mobile-safari_ios-3.1', '', '', '', '', NOW(), NOW(), 1),
  (529, 11, '', '3.2', 32, '2010-04-03 00:00:00', '', 'retired', 'WebKit', '531.21', 1, 'mobile-safari_ios-3.2', '', '', '', '', NOW(), NOW(), 1),
  (530, 11, '', '4', 40, '2010-06-21 00:00:00', '', 'retired', 'WebKit', '532.9', 1, 'mobile-safari_ios-4', '', '', '', '', NOW(), NOW(), 1),
  (531, 11, '', '4.2', 42, '2010-11-22 00:00:00', '', 'retired', 'WebKit', '533.17', 1, 'mobile-safari_ios-4.2', '', '', '', '', NOW(), NOW(), 1),
  (532, 11, '', '4.3', 43, '2011-03-09 00:00:00', '', 'retired', 'WebKit', '533.17', 1, 'mobile-safari_ios-4.3', '', '', '', '', NOW(), NOW(), 1),
  (533, 11, '', '5', 50, '2011-10-12 00:00:00', '', 'retired', 'WebKit', '534.46', 1, 'mobile-safari_ios-5', '', '', '', '', NOW(), NOW(), 1),
  (534, 11, '', '5.1', 51, '2012-03-07 00:00:00', '', 'retired', 'WebKit', '534.46', 1, 'mobile-safari_ios-5.1', '', '', '', '', NOW(), NOW(), 1),
  (535, 11, '', '6', 60, '2012-09-10 00:00:00', '', 'retired', 'WebKit', '536.26', 1, 'mobile-safari_ios-6', '', '', '', '', NOW(), NOW(), 1),
  (536, 11, '', '6.1', 61, '2013-01-28 00:00:00', '', 'retired', 'WebKit', '536.26', 1, 'mobile-safari_ios-6.1', '', '', '', '', NOW(), NOW(), 1),
  (537, 11, '', '7', 70, '2013-09-18 00:00:00', '', 'retired', 'WebKit', '537.51', 1, 'mobile-safari_ios-7', '', '', '', '', NOW(), NOW(), 1),
  (538, 11, '', '7.1', 71, '2014-03-10 00:00:00', '', 'retired', 'WebKit', '537.51', 1, 'mobile-safari_ios-7.1', '', '', '', '', NOW(), NOW(), 1),
  (539, 11, '', '8', 80, '2014-09-17 00:00:00', '', 'retired', 'WebKit', '600.1.4', 1, 'mobile-safari_ios-8', '', '', '', '', NOW(), NOW(), 1),
  (540, 11, '', '8.1', 81, '2014-10-20 00:00:00', '', 'retired', 'WebKit', '600.1.4', 1, 'mobile-safari_ios-8.1', '', '', '', '', NOW(), NOW(), 1),
  (541, 11, '', '8.4', 84, '2015-06-30 00:00:00', '', 'retired', 'WebKit', '600.1.4', 1, 'mobile-safari_ios-8.4', '', '', '', '', NOW(), NOW(), 1),
  (542, 11, '', '9', 90, '2015-09-16 00:00:00', '', 'retired', 'WebKit', '601.1.56', 1, 'mobile-safari_ios-9', '', '', '', '', NOW(), NOW(), 1),
  (543, 11, '', '9.1', 91, '2015-10-21 00:00:00', '', 'retired', 'WebKit', '601.1.56', 1, 'mobile-safari_ios-9.1', '', '', '', '', NOW(), NOW(), 1),
  (544, 11, '', '9.2', 92, '2015-12-08 00:00:00', '', 'retired', 'WebKit', '601.1.56', 1, 'mobile-safari_ios-9.2', '', '', '', '', NOW(), NOW(), 1),
  (545, 11, '', '9.3', 93, '2016-03-21 00:00:00', '', 'retired', 'WebKit', '601.5.17', 1, 'mobile-safari_ios-9.3', '', '', '', '', NOW(), NOW(), 1),
  (546, 11, '', '10', 100, '2016-09-13 00:00:00', '', 'retired', 'WebKit', '602.1.50', 1, 'mobile-safari_ios-10', '', '', '', '', NOW(), NOW(), 1),
  (547, 11, '', '10.1', 101, '2016-10-24 00:00:00', '', 'retired', 'WebKit', '602.2', 1, 'mobile-safari_ios-10.1', '', '', '', '', NOW(), NOW(), 1),
  (548, 11, '', '10.2', 102, '2016-12-12 00:00:00', '', 'retired', 'WebKit', '602.4', 1, 'mobile-safari_ios-10.2', '', '', '', '', NOW(), NOW(), 1),
  (549, 11, '', '10.3', 103, '2017-03-27 00:00:00', '', 'retired', 'WebKit', '603.2.1', 1, 'mobile-safari_ios-10.3', '', '', '', '', NOW(), NOW(), 1),
  (550, 11, '', '11', 110, '2017-09-19 00:00:00', '', 'retired', 'WebKit', '604.2.4', 1, 'mobile-safari_ios-11', '', '', '', '', NOW(), NOW(), 1),
  (551, 11, '', '11.1', 111, '2017-10-31 00:00:00', '', 'retired', 'WebKit', '604.3.5', 1, 'mobile-safari_ios-11.1', '', '', '', '', NOW(), NOW(), 1),
  (552, 11, '', '11.3', 113, '2018-03-29 00:00:00', '', 'retired', 'WebKit', '605.1.33', 1, 'mobile-safari_ios-11.3', '', '', '', '', NOW(), NOW(), 1),
  (553, 11, '', '12', 120, '2018-09-17 00:00:00', 'https://developer.apple.com/documentation/safari_release_notes/safari_12_release_notes', 'retired', 'WebKit', '606.1.36', 1, 'mobile-safari_ios-12', '', '', '', '', NOW(), NOW(), 1),
  (554, 11, '', '12.2', 122, '2019-03-25 00:00:00', 'https://developer.apple.com/documentation/safari_release_notes/safari_12_1_release_notes', 'current', 'WebKit', '607.1.40', 1, 'mobile-safari_ios-12.2', '', '', '', '', NOW(), NOW(), 1),
  (555, 11, '', '13', 130, '1900-01-01 00:00:00', 'https://developer.apple.com/documentation/safari_release_notes/safari_13_beta_release_notes', 'beta', 'WebKit', '', 1, 'mobile-safari_ios-13', '', '', '', '', NOW(), NOW(), 1),
  (556, 12, '', 'No', 1, '1900-01-01 00:00:00', '', '', '', '', 1, 'mobile-samsunginternet_android', '', '', '', '', NOW(), NOW(), 1),
  (557, 12, '', 'Yes', 2, '1900-01-01 00:00:00', '', '', '', '', 1, 'mobile-samsunginternet_android', '', '', '', '', NOW(), NOW(), 1),
  (558, 12, '', '?', 3, '1900-01-01 00:00:00', '', '', '', '', 1, 'mobile-samsunginternet_android', '', '', '', '', NOW(), NOW(), 1),
  (559, 12, '', '1.0', 100, '2013-04-27 00:00:00', '', 'retired', 'Blink', '18', 1, 'mobile-samsunginternet_android-1.0', '', '', '', '', NOW(), NOW(), 1),
  (560, 12, '', '1.5', 150, '2013-09-25 00:00:00', '', 'retired', 'Blink', '28', 1, 'mobile-samsunginternet_android-1.5', '', '', '', '', NOW(), NOW(), 1),
  (561, 12, '', '1.6', 160, '2014-04-11 00:00:00', '', 'retired', 'Blink', '28', 1, 'mobile-samsunginternet_android-1.6', '', '', '', '', NOW(), NOW(), 1),
  (562, 12, '', '2.0', 200, '2014-10-17 00:00:00', '', 'retired', 'Blink', '34', 1, 'mobile-samsunginternet_android-2.0', '', '', '', '', NOW(), NOW(), 1),
  (563, 12, '', '2.1', 210, '2015-01-07 00:00:00', '', 'retired', 'Blink', '34', 1, 'mobile-samsunginternet_android-2.1', '', '', '', '', NOW(), NOW(), 1),
  (564, 12, '', '3.0', 300, '2015-04-10 00:00:00', '', 'retired', 'Blink', '38', 1, 'mobile-samsunginternet_android-3.0', '', '', '', '', NOW(), NOW(), 1),
  (565, 12, '', '3.2', 320, '2015-08-24 00:00:00', '', 'retired', 'Blink', '38', 1, 'mobile-samsunginternet_android-3.2', '', '', '', '', NOW(), NOW(), 1),
  (566, 12, '', '4.0', 400, '2016-03-11 00:00:00', '', 'retired', 'Blink', '44', 1, 'mobile-samsunginternet_android-4.0', '', '', '', '', NOW(), NOW(), 1),
  (567, 12, '', '4.2', 420, '2016-08-02 00:00:00', '', 'retired', 'Blink', '44', 1, 'mobile-samsunginternet_android-4.2', '', '', '', '', NOW(), NOW(), 1),
  (568, 12, '', '5.0', 500, '2016-12-15 00:00:00', '', 'retired', 'Blink', '51', 1, 'mobile-samsunginternet_android-5.0', '', '', '', '', NOW(), NOW(), 1),
  (569, 12, '', '5.2', 520, '2017-04-21 00:00:00', '', 'retired', 'Blink', '51', 1, 'mobile-samsunginternet_android-5.2', '', '', '', '', NOW(), NOW(), 1),
  (570, 12, '', '5.4', 540, '2017-05-17 00:00:00', '', 'retired', 'Blink', '51', 1, 'mobile-samsunginternet_android-5.4', '', '', '', '', NOW(), NOW(), 1),
  (571, 12, '', '6.0', 600, '2017-08-23 00:00:00', '', 'retired', 'Blink', '56', 1, 'mobile-samsunginternet_android-6.0', '', '', '', '', NOW(), NOW(), 1),
  (572, 12, '', '6.2', 620, '2017-10-26 00:00:00', '', 'retired', 'Blink', '56', 1, 'mobile-samsunginternet_android-6.2', '', '', '', '', NOW(), NOW(), 1),
  (573, 12, '', '6.4', 640, '2018-02-19 00:00:00', '', 'retired', 'Blink', '56', 1, 'mobile-samsunginternet_android-6.4', '', '', '', '', NOW(), NOW(), 1),
  (574, 12, '', '7.0', 700, '2018-03-16 00:00:00', '', 'retired', 'Blink', '59', 1, 'mobile-samsunginternet_android-7.0', '', '', '', '', NOW(), NOW(), 1),
  (575, 12, '', '7.2', 720, '2018-06-20 00:00:00', '', 'retired', 'Blink', '59', 1, 'mobile-samsunginternet_android-7.2', '', '', '', '', NOW(), NOW(), 1),
  (576, 12, '', '7.4', 740, '2018-09-12 00:00:00', '', 'retired', 'Blink', '59', 1, 'mobile-samsunginternet_android-7.4', '', '', '', '', NOW(), NOW(), 1),
  (577, 12, '', '8.0', 800, '2018-07-18 00:00:00', '', 'retired', 'Blink', '63', 1, 'mobile-samsunginternet_android-8.0', '', '', '', '', NOW(), NOW(), 1),
  (578, 12, '', '8.2', 820, '2018-12-21 00:00:00', '', 'retired', 'Blink', '63', 1, 'mobile-samsunginternet_android-8.2', '', '', '', '', NOW(), NOW(), 1),
  (579, 12, '', '9.0', 900, '2018-09-15 00:00:00', '', 'retired', 'Blink', '67', 1, 'mobile-samsunginternet_android-9.0', '', '', '', '', NOW(), NOW(), 1),
  (580, 12, '', '9.2', 920, '2019-04-02 00:00:00', '', 'retired', 'Blink', '67', 1, 'mobile-samsunginternet_android-9.2', '', '', '', '', NOW(), NOW(), 1),
  (581, 12, '', '9.4', 940, '2019-07-25 00:00:00', '', 'current', 'Blink', '67', 1, 'mobile-samsunginternet_android-9.4', '', '', '', '', NOW(), NOW(), 1),
  (582, 13, '', 'No', 1, '1900-01-01 00:00:00', '', '', '', '', 1, 'mobile-qq_android', '', '', '', '', NOW(), NOW(), 1),
  (583, 13, '', 'Yes', 2, '1900-01-01 00:00:00', '', '', '', '', 1, 'mobile-qq_android', '', '', '', '', NOW(), NOW(), 1),
  (584, 13, '', '?', 3, '1900-01-01 00:00:00', '', '', '', '', 1, 'mobile-qq_android', '', '', '', '', NOW(), NOW(), 1),
  (585, 13, '', '7.2.1', 72, '2017-01-18 00:00:00', '', 'retired', '', '', 1, 'mobile-qq_android-7.2.1', '', '', '', '', NOW(), NOW(), 1),
  (586, 13, '', '7.3.1', 73, '2017-03-08 00:00:00', '', 'retired', '', '', 1, 'mobile-qq_android-7.3.1', '', '', '', '', NOW(), NOW(), 1),
  (587, 13, '', '7.5', 75, '2017-05-08 00:00:00', '', 'retired', '', '', 1, 'mobile-qq_android-7.5', '', '', '', '', NOW(), NOW(), 1),
  (588, 13, '', '7.5.1', 76, '2017-05-18 00:00:00', '', 'retired', '', '', 1, 'mobile-qq_android-7.5.1', '', '', '', '', NOW(), NOW(), 1),
  (589, 13, '', '7.6.1', 77, '2017-06-16 00:00:00', '', 'retired', '', '', 1, 'mobile-qq_android-7.6.1', '', '', '', '', NOW(), NOW(), 1),
  (590, 13, '', '7.8', 78, '2017-08-21 00:00:00', '', 'retired', '', '', 1, 'mobile-qq_android-7.8', '', '', '', '', NOW(), NOW(), 1),
  (591, 13, '', '8', 80, '2017-11-22 00:00:00', '', 'retired', '', '', 1, 'mobile-qq_android-8', '', '', '', '', NOW(), NOW(), 1),
  (592, 13, '', '8.1.3', 81, '2018-01-11 00:00:00', '', 'retired', '', '', 1, 'mobile-qq_android-8.1.3', '', '', '', '', NOW(), NOW(), 1),
  (593, 13, '', '8.2', 82, '2018-02-01 00:00:00', '', 'current', '', '', 1, 'mobile-qq_android-8.2', '', '', '', '', NOW(), NOW(), 1),
  (594, 14, '', 'No', 1, '1900-01-01 00:00:00', '', '', '', '', 1, 'mobile-uc_android', '', '', '', '', NOW(), NOW(), 1),
  (595, 14, '', 'Yes', 2, '1900-01-01 00:00:00', '', '', '', '', 1, 'mobile-uc_android', '', '', '', '', NOW(), NOW(), 1),
  (596, 14, '', '?', 3, '1900-01-01 00:00:00', '', '', '', '', 1, 'mobile-uc_android', '', '', '', '', NOW(), NOW(), 1),
  (597, 14, '', '8.6.1.262', 262, '2013-01-31 00:00:00', '', 'retired', '', '', 1, 'mobile-uc_android-8.6.1.262', '', '', '', '', NOW(), NOW(), 1),
  (598, 14, '', '9.0.1.275', 275, '2013-04-24 00:00:00', '', 'retired', '', '', 1, 'mobile-uc_android-9.0.1.275', '', '', '', '', NOW(), NOW(), 1),
  (599, 14, '', '9.0.2.299', 299, '2013-05-29 00:00:00', '', 'retired', '', '', 1, 'mobile-uc_android-9.0.2.299', '', '', '', '', NOW(), NOW(), 1),
  (600, 14, '', '9.1.0.297', 297, '2013-06-26 00:00:00', '', 'retired', '', '', 1, 'mobile-uc_android-9.1.0.297', '', '', '', '', NOW(), NOW(), 1),
  (601, 14, '', '9.2.0.308', 308, '2013-07-25 00:00:00', '', 'retired', '', '', 1, 'mobile-uc_android-9.2.0.308', '', '', '', '', NOW(), NOW(), 1),
  (602, 14, '', '9.2.2.323', 323, '2013-08-07 00:00:00', '', 'retired', '', '', 1, 'mobile-uc_android-9.2.2.323', '', '', '', '', NOW(), NOW(), 1),
  (603, 14, '', '9.2.3.324', 324, '2013-08-27 00:00:00', '', 'retired', '', '', 1, 'mobile-uc_android-9.2.3.324', '', '', '', '', NOW(), NOW(), 1),
  (604, 14, '', '9.3.0.321', 321, '2013-09-18 00:00:00', '', 'retired', '', '', 1, 'mobile-uc_android-9.3.0.321', '', '', '', '', NOW(), NOW(), 1),
  (605, 14, '', '9.3.1.344', 344, '2013-09-30 00:00:00', '', 'retired', '', '', 1, 'mobile-uc_android-9.3.1.344', '', '', '', '', NOW(), NOW(), 1),
  (606, 14, '', '9.3.2.349', 349, '2013-10-14 00:00:00', '', 'retired', '', '', 1, 'mobile-uc_android-9.3.2.349', '', '', '', '', NOW(), NOW(), 1),
  (607, 14, '', '9.4.0.347', 347, '2013-11-15 00:00:00', '', 'retired', '', '', 1, 'mobile-uc_android-9.4.0.347', '', '', '', '', NOW(), NOW(), 1),
  (608, 14, '', '9.5.0.360', 360, '2014-01-06 00:00:00', '', 'retired', '', '', 1, 'mobile-uc_android-9.5.0.360', '', '', '', '', NOW(), NOW(), 1),
  (609, 14, '', '9.6.0.378', 378, '2014-02-26 00:00:00', '', 'retired', '', '', 1, 'mobile-uc_android-9.6.0.378', '', '', '', '', NOW(), NOW(), 1),
  (610, 14, '', '9.7.0.398', 398, '2014-04-02 00:00:00', '', 'retired', '', '', 1, 'mobile-uc_android-9.7.0.398', '', '', '', '', NOW(), NOW(), 1),
  (611, 14, '', '9.7.5.418', 418, '2014-04-23 00:00:00', '', 'retired', '', '', 1, 'mobile-uc_android-9.7.5.418', '', '', '', '', NOW(), NOW(), 1),
  (612, 14, '', '9.7.8.425', 425, '2014-05-22 00:00:00', '', 'retired', '', '', 1, 'mobile-uc_android-9.7.8.425', '', '', '', '', NOW(), NOW(), 1),
  (613, 14, '', '9.8.0.435', 435, '2014-06-10 00:00:00', '', 'retired', '', '', 1, 'mobile-uc_android-9.8.0.435', '', '', '', '', NOW(), NOW(), 1),
  (614, 14, '', '9.8.5.442', 442, '2014-06-20 00:00:00', '', 'retired', '', '', 1, 'mobile-uc_android-9.8.5.442', '', '', '', '', NOW(), NOW(), 1),
  (615, 14, '', '9.8.9.457', 457, '2014-07-09 00:00:00', '', 'retired', '', '', 1, 'mobile-uc_android-9.8.9.457', '', '', '', '', NOW(), NOW(), 1),
  (616, 14, '', '9.9.0.459', 459, '2014-07-18 00:00:00', '', 'retired', '', '', 1, 'mobile-uc_android-9.9.0.459', '', '', '', '', NOW(), NOW(), 1),
  (617, 14, '', '9.9.2.467', 467, '2014-08-11 00:00:00', '', 'retired', '', '', 1, 'mobile-uc_android-9.9.2.467', '', '', '', '', NOW(), NOW(), 1),
  (618, 14, '', '9.9.3.478', 478, '2014-08-22 00:00:00', '', 'retired', '', '', 1, 'mobile-uc_android-9.9.3.478', '', '', '', '', NOW(), NOW(), 1),
  (619, 14, '', '9.9.4.484', 484, '2014-09-26 00:00:00', '', 'retired', '', '', 1, 'mobile-uc_android-9.9.4.484', '', '', '', '', NOW(), NOW(), 1),
  (620, 14, '', '9.9.6.495', 495, '2014-10-17 00:00:00', '', 'retired', '', '', 1, 'mobile-uc_android-9.9.6.495', '', '', '', '', NOW(), NOW(), 1),
  (621, 14, '', '10.0.0.488', 488, '2014-11-04 00:00:00', '', 'retired', '', '', 1, 'mobile-uc_android-10.0.0.488', '', '', '', '', NOW(), NOW(), 1),
  (622, 14, '', '10.0.1.512', 512, '2014-11-18 00:00:00', '', 'retired', '', '', 1, 'mobile-uc_android-10.0.1.512', '', '', '', '', NOW(), NOW(), 1),
  (623, 14, '', '10.0.2.523', 523, '2014-12-31 00:00:00', '', 'retired', '', '', 1, 'mobile-uc_android-10.0.2.523', '', '', '', '', NOW(), NOW(), 1),
  (624, 14, '', '10.1.0.527', 527, '2015-01-27 00:00:00', '', 'retired', '', '', 1, 'mobile-uc_android-10.1.0.527', '', '', '', '', NOW(), NOW(), 1),
  (625, 14, '', '10.2.0.535', 535, '2015-03-03 00:00:00', '', 'retired', '', '', 1, 'mobile-uc_android-10.2.0.535', '', '', '', '', NOW(), NOW(), 1),
  (626, 14, '', '10.3.0.552', 552, '2015-03-16 00:00:00', '', 'retired', '', '', 1, 'mobile-uc_android-10.3.0.552', '', '', '', '', NOW(), NOW(), 1),
  (627, 14, '', '10.4.1.565', 565, '2015-05-13 00:00:00', '', 'retired', '', '', 1, 'mobile-uc_android-10.4.1.565', '', '', '', '', NOW(), NOW(), 1),
  (628, 14, '', '10.5.0.575', 575, '2015-05-30 00:00:00', '', 'retired', '', '', 1, 'mobile-uc_android-10.5.0.575', '', '', '', '', NOW(), NOW(), 1),
  (629, 14, '', '10.5.1.581', 581, '2015-05-18 00:00:00', '', 'retired', '', '', 1, 'mobile-uc_android-10.5.1.581', '', '', '', '', NOW(), NOW(), 1),
  (630, 14, '', '10.5.2.582', 582, '2015-06-26 00:00:00', '', 'retired', '', '', 1, 'mobile-uc_android-10.5.2.582', '', '', '', '', NOW(), NOW(), 1),
  (631, 14, '', '10.6.0.586', 586, '2015-07-14 00:00:00', '', 'retired', '', '', 1, 'mobile-uc_android-10.6.0.586', '', '', '', '', NOW(), NOW(), 1),
  (632, 14, '', '10.6.2.599', 599, '2015-08-06 00:00:00', '', 'retired', '', '', 1, 'mobile-uc_android-10.6.2.599', '', '', '', '', NOW(), NOW(), 1),
  (633, 14, '', '10.6.5.623', 623, '2015-08-20 00:00:00', '', 'retired', '', '', 1, 'mobile-uc_android-10.6.5.623', '', '', '', '', NOW(), NOW(), 1),
  (634, 14, '', '10.7.0.636', 636, '2015-09-06 00:00:00', '', 'retired', '', '', 1, 'mobile-uc_android-10.7.0.636', '', '', '', '', NOW(), NOW(), 1),
  (635, 14, '', '10.7.2.645', 645, '2015-09-29 00:00:00', '', 'retired', '', '', 1, 'mobile-uc_android-10.7.2.645', '', '', '', '', NOW(), NOW(), 1),
  (636, 14, '', '10.7.5.658', 658, '2015-11-03 00:00:00', '', 'retired', '', '', 1, 'mobile-uc_android-10.7.5.658', '', '', '', '', NOW(), NOW(), 1),
  (637, 14, '', '10.7.8.675', 675, '2015-12-01 00:00:00', '', 'retired', '', '', 1, 'mobile-uc_android-10.7.8.675', '', '', '', '', NOW(), NOW(), 1),
  (638, 14, '', '10.8.0.718', 718, '2016-01-09 00:00:00', '', 'retired', '', '', 1, 'mobile-uc_android-10.8.0.718', '', '', '', '', NOW(), NOW(), 1),
  (639, 14, '', '10.8.5.725', 725, '2016-01-26 00:00:00', '', 'retired', '', '', 1, 'mobile-uc_android-10.8.5.725', '', '', '', '', NOW(), NOW(), 1),
  (640, 14, '', '10.8.8.730', 730, '2016-02-23 00:00:00', '', 'retired', '', '', 1, 'mobile-uc_android-10.8.8.730', '', '', '', '', NOW(), NOW(), 1),
  (641, 14, '', '10.9.0.731', 731, '2016-03-16 00:00:00', '', 'retired', '', '', 1, 'mobile-uc_android-10.9.0.731', '', '', '', '', NOW(), NOW(), 1),
  (642, 14, '', '10.9.5.735', 735, '2016-04-08 00:00:00', '', 'retired', '', '', 1, 'mobile-uc_android-10.9.5.735', '', '', '', '', NOW(), NOW(), 1),
  (643, 14, '', '10.9.8.770', 770, '2016-05-05 00:00:00', '', 'retired', '', '', 1, 'mobile-uc_android-10.9.8.770', '', '', '', '', NOW(), NOW(), 1),
  (644, 14, '', '10.10.0.796', 796, '2016-06-03 00:00:00', '', 'retired', '', '', 1, 'mobile-uc_android-10.10.0.796', '', '', '', '', NOW(), NOW(), 1),
  (645, 14, '', '10.10.5.809', 809, '2016-06-30 00:00:00', '', 'retired', '', '', 1, 'mobile-uc_android-10.10.5.809', '', '', '', '', NOW(), NOW(), 1),
  (646, 14, '', '10.10.9.821', 821, '2016-07-20 00:00:00', '', 'retired', '', '', 1, 'mobile-uc_android-10.10.9.821', '', '', '', '', NOW(), NOW(), 1),
  (647, 14, '', '10.10.8.820', 820, '2016-08-04 00:00:00', '', 'retired', '', '', 1, 'mobile-uc_android-10.10.8.820', '', '', '', '', NOW(), NOW(), 1),
  (648, 14, '', '11.0.0.828', 828, '2016-09-01 00:00:00', '', 'retired', '', '', 1, 'mobile-uc_android-11.0.0.828', '', '', '', '', NOW(), NOW(), 1),
  (649, 14, '', '11.0.5.850', 850, '2016-09-22 00:00:00', '', 'retired', '', '', 1, 'mobile-uc_android-11.0.5.850', '', '', '', '', NOW(), NOW(), 1),
  (650, 14, '', '11.0.8.855', 855, '2016-11-10 00:00:00', '', 'retired', '', '', 1, 'mobile-uc_android-11.0.8.855', '', '', '', '', NOW(), NOW(), 1),
  (651, 14, '', '11.1.0.882', 882, '2016-11-29 00:00:00', '', 'retired', '', '', 1, 'mobile-uc_android-11.1.0.882', '', '', '', '', NOW(), NOW(), 1),
  (652, 14, '', '11.1.5.890', 890, '2016-12-30 00:00:00', '', 'retired', '', '', 1, 'mobile-uc_android-11.1.5.890', '', '', '', '', NOW(), NOW(), 1),
  (653, 14, '', '11.2.0.915', 915, '2017-01-18 00:00:00', '', 'retired', '', '', 1, 'mobile-uc_android-11.2.0.915', '', '', '', '', NOW(), NOW(), 1),
  (654, 14, '', '11.2.8.945', 945, '2017-03-23 00:00:00', '', 'retired', '', '', 1, 'mobile-uc_android-11.2.8.945', '', '', '', '', NOW(), NOW(), 1),
  (655, 14, '', '11.3.0.950', 950, '2017-04-27 00:00:00', '', 'retired', '', '', 1, 'mobile-uc_android-11.3.0.950', '', '', '', '', NOW(), NOW(), 1),
  (656, 14, '', '11.3.2.960', 960, '2017-05-22 00:00:00', '', 'retired', '', '', 1, 'mobile-uc_android-11.3.2.960', '', '', '', '', NOW(), NOW(), 1),
  (657, 14, '', '11.3.5.972', 972, '2017-06-12 00:00:00', '', 'retired', '', '', 1, 'mobile-uc_android-11.3.5.972', '', '', '', '', NOW(), NOW(), 1),
  (658, 14, '', '11.4.2.995', 995, '2017-08-14 00:00:00', '', 'retired', '', '', 1, 'mobile-uc_android-11.4.2.995', '', '', '', '', NOW(), NOW(), 1),
  (659, 14, '', '11.4.5.1005', 1005, '2017-09-11 00:00:00', '', 'retired', '', '', 1, 'mobile-uc_android-11.4.5.1005', '', '', '', '', NOW(), NOW(), 1),
  (660, 14, '', '11.4.8.1012', 1012, '2017-11-07 00:00:00', '', 'retired', '', '', 1, 'mobile-uc_android-11.4.8.1012', '', '', '', '', NOW(), NOW(), 1),
  (661, 14, '', '11.5.0.1015', 1015, '2017-12-13 00:00:00', '', 'retired', '', '', 1, 'mobile-uc_android-11.5.0.1015', '', '', '', '', NOW(), NOW(), 1),
  (662, 14, '', '12.0.0.1088', 1088, '2018-01-30 00:00:00', '', 'retired', '', '', 1, 'mobile-uc_android-12.0.0.1088', '', '', '', '', NOW(), NOW(), 1),
  (663, 14, '', '12.2.0.1089', 1089, '2018-03-09 00:00:00', '', 'retired', '', '', 1, 'mobile-uc_android-12.2.0.1089', '', '', '', '', NOW(), NOW(), 1),
  (664, 14, '', '12.2.1.1108', 1108, '2018-03-28 00:00:00', '', 'retired', '', '', 1, 'mobile-uc_android-12.2.1.1108', '', '', '', '', NOW(), NOW(), 1),
  (665, 14, '', '12.2.5.1102', 1102, '2018-04-03 00:00:00', '', 'retired', '', '', 1, 'mobile-uc_android-12.2.5.1102', '', '', '', '', NOW(), NOW(), 1),
  (666, 14, '', '12.5.0.1109', 1109, '2018-05-04 00:00:00', '', 'current', '', '', 1, 'mobile-uc_android-12.5.0.1109', '', '', '', '', NOW(), NOW(), 1),
  (667, 15, '', 'No', 1, '1900-01-01 00:00:00', '', '', '', '', 1, 'mobile-uc_chinese_android', '', '', '', '', NOW(), NOW(), 1),
  (668, 15, '', 'Yes', 2, '1900-01-01 00:00:00', '', '', '', '', 1, 'mobile-uc_chinese_android', '', '', '', '', NOW(), NOW(), 1),
  (669, 15, '', '?', 3, '1900-01-01 00:00:00', '', '', '', '', 1, 'mobile-uc_chinese_android', '', '', '', '', NOW(), NOW(), 1),
  (670, 15, '', '10.10.0.800', 800, '2016-05-26 00:00:00', '', 'retired', '', '', 1, 'mobile-uc_chinese_android-10.10.0.800', '', '', '', '', NOW(), NOW(), 1),
  (671, 15, '', '10.10.1.812', 812, '2016-06-03 00:00:00', '', 'retired', '', '', 1, 'mobile-uc_chinese_android-10.10.1.812', '', '', '', '', NOW(), NOW(), 1),
  (672, 15, '', '10.10.3.810', 810, '2016-06-15 00:00:00', '', 'retired', '', '', 1, 'mobile-uc_chinese_android-10.10.3.810', '', '', '', '', NOW(), NOW(), 1),
  (673, 15, '', '10.10.5.811', 811, '2016-07-12 00:00:00', '', 'retired', '', '', 1, 'mobile-uc_chinese_android-10.10.5.811', '', '', '', '', NOW(), NOW(), 1),
  (674, 15, '', '10.10.8.822', 822, '2016-07-26 00:00:00', '', 'retired', '', '', 1, 'mobile-uc_chinese_android-10.10.8.822', '', '', '', '', NOW(), NOW(), 1),
  (675, 15, '', '11.0.0.818', 818, '2016-08-03 00:00:00', '', 'retired', '', '', 1, 'mobile-uc_chinese_android-11.0.0.818', '', '', '', '', NOW(), NOW(), 1),
  (676, 15, '', '11.0.2.840', 840, '2016-08-22 00:00:00', '', 'retired', '', '', 1, 'mobile-uc_chinese_android-11.0.2.840', '', '', '', '', NOW(), NOW(), 1),
  (677, 15, '', '11.0.3.845', 845, '2016-08-23 00:00:00', '', 'retired', '', '', 1, 'mobile-uc_chinese_android-11.0.3.845', '', '', '', '', NOW(), NOW(), 1),
  (678, 15, '', '11.0.4.846', 846, '2016-08-24 00:00:00', '', 'retired', '', '', 1, 'mobile-uc_chinese_android-11.0.4.846', '', '', '', '', NOW(), NOW(), 1),
  (679, 15, '', '11.0.5.841', 841, '2016-09-06 00:00:00', '', 'retired', '', '', 1, 'mobile-uc_chinese_android-11.0.5.841', '', '', '', '', NOW(), NOW(), 1),
  (680, 15, '', '11.0.8.858', 858, '2016-09-21 00:00:00', '', 'retired', '', '', 1, 'mobile-uc_chinese_android-11.0.8.858', '', '', '', '', NOW(), NOW(), 1),
  (681, 15, '', '11.1.0.870', 870, '2016-10-14 00:00:00', '', 'retired', '', '', 1, 'mobile-uc_chinese_android-11.1.0.870', '', '', '', '', NOW(), NOW(), 1),
  (682, 15, '', '11.1.5.871', 871, '2016-11-02 00:00:00', '', 'retired', '', '', 1, 'mobile-uc_chinese_android-11.1.5.871', '', '', '', '', NOW(), NOW(), 1),
  (683, 15, '', '11.2.0.880', 880, '2016-11-18 00:00:00', '', 'retired', '', '', 1, 'mobile-uc_chinese_android-11.2.0.880', '', '', '', '', NOW(), NOW(), 1),
  (684, 15, '', '11.2.1.888', 888, '2016-11-23 00:00:00', '', 'retired', '', '', 1, 'mobile-uc_chinese_android-11.2.1.888', '', '', '', '', NOW(), NOW(), 1),
  (685, 15, '', '11.2.5.884', 884, '2016-11-30 00:00:00', '', 'retired', '', '', 1, 'mobile-uc_chinese_android-11.2.5.884', '', '', '', '', NOW(), NOW(), 1),
  (686, 15, '', '11.2.8.885', 885, '2016-12-22 00:00:00', '', 'retired', '', '', 1, 'mobile-uc_chinese_android-11.2.8.885', '', '', '', '', NOW(), NOW(), 1),
  (687, 15, '', '11.3.0.907', 907, '2017-01-03 00:00:00', '', 'retired', '', '', 1, 'mobile-uc_chinese_android-11.3.0.907', '', '', '', '', NOW(), NOW(), 1),
  (688, 15, '', '11.3.5.908', 908, '2017-01-20 00:00:00', '', 'retired', '', '', 1, 'mobile-uc_chinese_android-11.3.5.908', '', '', '', '', NOW(), NOW(), 1),
  (689, 15, '', '11.3.8.909', 909, '2017-02-08 00:00:00', '', 'retired', '', '', 1, 'mobile-uc_chinese_android-11.3.8.909', '', '', '', '', NOW(), NOW(), 1),
  (690, 15, '', '11.4.0.921', 921, '2017-02-20 00:00:00', '', 'retired', '', '', 1, 'mobile-uc_chinese_android-11.4.0.921', '', '', '', '', NOW(), NOW(), 1),
  (691, 15, '', '11.4.1.939', 939, '2017-02-23 00:00:00', '', 'retired', '', '', 1, 'mobile-uc_chinese_android-11.4.1.939', '', '', '', '', NOW(), NOW(), 1),
  (692, 15, '', '11.4.2.936', 936, '2017-03-08 00:00:00', '', 'retired', '', '', 1, 'mobile-uc_chinese_android-11.4.2.936', '', '', '', '', NOW(), NOW(), 1),
  (693, 15, '', '11.4.5.937', 937, '2017-03-30 00:00:00', '', 'retired', '', '', 1, 'mobile-uc_chinese_android-11.4.5.937', '', '', '', '', NOW(), NOW(), 1),
  (694, 15, '', '11.4.8.938', 938, '2017-04-08 00:00:00', '', 'retired', '', '', 1, 'mobile-uc_chinese_android-11.4.8.938', '', '', '', '', NOW(), NOW(), 1),
  (695, 15, '', '11.4.9.941', 941, '2017-04-10 00:00:00', '', 'retired', '', '', 1, 'mobile-uc_chinese_android-11.4.9.941', '', '', '', '', NOW(), NOW(), 1),
  (696, 15, '', '11.5.0.939', 939, '2017-04-25 00:00:00', '', 'retired', '', '', 1, 'mobile-uc_chinese_android-11.5.0.939', '', '', '', '', NOW(), NOW(), 1),
  (697, 15, '', '11.5.1.944', 944, '2017-05-05 00:00:00', '', 'retired', '', '', 1, 'mobile-uc_chinese_android-11.5.1.944', '', '', '', '', NOW(), NOW(), 1),
  (698, 15, '', '11.5.2.942', 942, '2017-05-30 00:00:00', '', 'retired', '', '', 1, 'mobile-uc_chinese_android-11.5.2.942', '', '', '', '', NOW(), NOW(), 1),
  (699, 15, '', '11.5.5.943', 943, '2017-06-09 00:00:00', '', 'retired', '', '', 1, 'mobile-uc_chinese_android-11.5.5.943', '', '', '', '', NOW(), NOW(), 1),
  (700, 15, '', '11.5.6.946', 946, '2017-06-14 00:00:00', '', 'retired', '', '', 1, 'mobile-uc_chinese_android-11.5.6.946', '', '', '', '', NOW(), NOW(), 1),
  (701, 15, '', '11.5.8.945', 945, '2017-06-27 00:00:00', '', 'retired', '', '', 1, 'mobile-uc_chinese_android-11.5.8.945', '', '', '', '', NOW(), NOW(), 1),
  (702, 15, '', '11.6.0.947', 947, '2017-07-11 00:00:00', '', 'retired', '', '', 1, 'mobile-uc_chinese_android-11.6.0.947', '', '', '', '', NOW(), NOW(), 1),
  (703, 15, '', '11.6.1.949', 949, '2017-07-13 00:00:00', '', 'retired', '', '', 1, 'mobile-uc_chinese_android-11.6.1.949', '', '', '', '', NOW(), NOW(), 1),
  (704, 15, '', '11.6.2.948', 948, '2017-07-25 00:00:00', '', 'retired', '', '', 1, 'mobile-uc_chinese_android-11.6.2.948', '', '', '', '', NOW(), NOW(), 1),
  (705, 15, '', '11.6.4.950', 950, '2017-08-07 00:00:00', '', 'retired', '', '', 1, 'mobile-uc_chinese_android-11.6.4.950', '', '', '', '', NOW(), NOW(), 1),
  (706, 15, '', '11.6.6.951', 951, '2017-08-21 00:00:00', '', 'retired', '', '', 1, 'mobile-uc_chinese_android-11.6.6.951', '', '', '', '', NOW(), NOW(), 1),
  (707, 15, '', '11.6.8.952', 952, '2017-09-05 00:00:00', '', 'retired', '', '', 1, 'mobile-uc_chinese_android-11.6.8.952', '', '', '', '', NOW(), NOW(), 1),
  (708, 15, '', '11.7.0.953', 953, '2017-09-30 00:00:00', '', 'retired', '', '', 1, 'mobile-uc_chinese_android-11.7.0.953', '', '', '', '', NOW(), NOW(), 1),
  (709, 15, '', '11.7.2.954', 954, '2017-10-10 00:00:00', '', 'retired', '', '', 1, 'mobile-uc_chinese_android-11.7.2.954', '', '', '', '', NOW(), NOW(), 1),
  (710, 15, '', '11.7.5.955', 955, '2017-10-30 00:00:00', '', 'retired', '', '', 1, 'mobile-uc_chinese_android-11.7.5.955', '', '', '', '', NOW(), NOW(), 1),
  (711, 15, '', '11.7.8.958', 958, '2017-11-18 00:00:00', '', 'retired', '', '', 1, 'mobile-uc_chinese_android-11.7.8.958', '', '', '', '', NOW(), NOW(), 1),
  (712, 15, '', '11.8.0.960', 960, '2017-12-07 00:00:00', '', 'retired', '', '', 1, 'mobile-uc_chinese_android-11.8.0.960', '', '', '', '', NOW(), NOW(), 1),
  (713, 15, '', '11.8.2.962', 962, '2017-12-25 00:00:00', '', 'retired', '', '', 1, 'mobile-uc_chinese_android-11.8.2.962', '', '', '', '', NOW(), NOW(), 1),
  (714, 15, '', '11.8.3.963', 963, '2018-01-17 00:00:00', '', 'retired', '', '', 1, 'mobile-uc_chinese_android-11.8.3.963', '', '', '', '', NOW(), NOW(), 1),
  (715, 15, '', '11.8.4.964', 964, '2018-01-23 00:00:00', '', 'retired', '', '', 1, 'mobile-uc_chinese_android-11.8.4.964', '', '', '', '', NOW(), NOW(), 1),
  (716, 15, '', '11.8.6.966', 966, '2018-01-31 00:00:00', '', 'retired', '', '', 1, 'mobile-uc_chinese_android-11.8.6.966', '', '', '', '', NOW(), NOW(), 1),
  (717, 15, '', '11.8.8.968', 968, '2018-02-06 00:00:00', '', 'retired', '', '', 1, 'mobile-uc_chinese_android-11.8.8.968', '', '', '', '', NOW(), NOW(), 1),
  (718, 15, '', '11.9.0.970', 970, '2018-03-13 00:00:00', '', 'retired', '', '', 1, 'mobile-uc_chinese_android-11.9.0.970', '', '', '', '', NOW(), NOW(), 1),
  (719, 15, '', '11.9.2.972', 972, '2018-03-21 00:00:00', '', 'retired', '', '', 1, 'mobile-uc_chinese_android-11.9.2.972', '', '', '', '', NOW(), NOW(), 1),
  (720, 15, '', '11.9.3.973', 973, '2018-03-28 00:00:00', '', 'retired', '', '', 1, 'mobile-uc_chinese_android-11.9.3.973', '', '', '', '', NOW(), NOW(), 1),
  (721, 15, '', '11.9.4.974', 974, '2018-04-11 00:00:00', '', 'retired', '', '', 1, 'mobile-uc_chinese_android-11.9.4.974', '', '', '', '', NOW(), NOW(), 1),
  (722, 15, '', '11.9.6.976', 976, '2018-05-04 00:00:00', '', 'current', '', '', 1, 'mobile-uc_chinese_android-11.9.6.976', '', '', '', '', NOW(), NOW(), 1),
  (723, 16, '', 'No', 1, '1900-01-01 00:00:00', '', '', '', '', 1, 'server-nodejs', '', '', '', '', NOW(), NOW(), 1),
  (724, 16, '', 'Yes', 2, '1900-01-01 00:00:00', '', '', '', '', 1, 'server-nodejs', '', '', '', '', NOW(), NOW(), 1),
  (725, 16, '', '?', 3, '1900-01-01 00:00:00', '', '', '', '', 1, 'server-nodejs', '', '', '', '', NOW(), NOW(), 1),
  (726, 16, '', '0.1.100', 4, '2010-07-03 00:00:00', 'https://github.com/nodejs/node-v0.x-archive/blob/v0.1.100/ChangeLog', '', 'V8', '2.2', 1, 'server-nodejs-0.1.100', '', '', '', '', NOW(), NOW(), 1),
  (727, 16, '', '0.1.101', 5, '2010-07-16 00:00:00', 'https://github.com/nodejs/node-v0.x-archive/blob/v0.1.101/ChangeLog', '', 'V8', '2.2', 1, 'server-nodejs-0.1.101', '', '', '', '', NOW(), NOW(), 1),
  (728, 16, '', '0.1.104', 6, '2010-08-13 00:00:00', 'https://github.com/nodejs/node-v0.x-archive/blob/v0.1.104/ChangeLog', '', 'V8', '2.2', 1, 'server-nodejs-0.1.104', '', '', '', '', NOW(), NOW(), 1),
  (729, 16, '', '0.10', 10, '2013-03-11 00:00:00', 'https://github.com/nodejs/node/blob/master/doc/changelogs/CHANGELOG_V010.md', '', 'V8', '3.14', 1, 'server-nodejs-0.10', '', '', '', '', NOW(), NOW(), 1),
  (730, 16, '', '0.12', 12, '2015-02-06 00:00:00', 'https://github.com/nodejs/node/blob/master/doc/changelogs/CHANGELOG_V012.md', '', 'V8', '3.28', 1, 'server-nodejs-0.12', '', '', '', '', NOW(), NOW(), 1),
  (731, 16, '', '4.0.0', 40, '2015-09-08 00:00:00', 'https://nodejs.org/en/blog/release/v4.0.0/', '', 'V8', '4.5', 1, 'server-nodejs-4.0.0', '', '', '', '', NOW(), NOW(), 1),
  (732, 16, '', '5.0.0', 50, '2015-10-29 00:00:00', 'https://nodejs.org/en/blog/release/v5.0.0/', '', 'V8', '4.6', 1, 'server-nodejs-5.0.0', '', '', '', '', NOW(), NOW(), 1),
  (733, 16, '', '6.0.0', 60, '2016-04-26 00:00:00', 'https://nodejs.org/en/blog/release/v6.0.0/', '', 'V8', '5', 1, 'server-nodejs-6.0.0', '', '', '', '', NOW(), NOW(), 1),
  (734, 16, '', '6.5.0', 65, '2016-08-26 00:00:00', 'https://nodejs.org/en/blog/release/v6.5.0/', '', 'V8', '5.1', 1, 'server-nodejs-6.5.0', '', '', '', '', NOW(), NOW(), 1),
  (735, 16, '', '7.0.0', 70, '2016-10-25 00:00:00', 'https://nodejs.org/en/blog/release/v7.0.0/', '', 'V8', '5.4', 1, 'server-nodejs-7.0.0', '', '', '', '', NOW(), NOW(), 1),
  (736, 16, '', '7.5.0', 75, '2017-01-31 00:00:00', 'https://nodejs.org/en/blog/release/v7.5.0/', '', 'V8', '5.4', 1, 'server-nodejs-7.5.0', '', '', '', '', NOW(), NOW(), 1),
  (737, 16, '', '7.6.0', 76, '2017-02-21 00:00:00', 'https://nodejs.org/en/blog/release/v7.6.0/', '', 'V8', '5.5', 1, 'server-nodejs-7.6.0', '', '', '', '', NOW(), NOW(), 1),
  (738, 16, '', '7.7.0', 77, '2017-02-28 00:00:00', 'https://nodejs.org/en/blog/release/v7.7.0/', '', 'V8', '5.5', 1, 'server-nodejs-7.7.0', '', '', '', '', NOW(), NOW(), 1),
  (739, 16, '', '7.10.0', 78, '2017-05-02 00:00:00', 'https://nodejs.org/en/blog/release/v7.10.0/', '', 'V8', '5.5', 1, 'server-nodejs-7.10.0', '', '', '', '', NOW(), NOW(), 1),
  (740, 16, '', '8.0.0', 80, '2017-05-30 00:00:00', 'https://nodejs.org/en/blog/release/v8.0.0/', '', 'V8', '5.8', 1, 'server-nodejs-8.0.0', '', '', '', '', NOW(), NOW(), 1),
  (741, 16, '', '8.3.0', 83, '2017-08-09 00:00:00', 'https://nodejs.org/en/blog/release/v8.3.0/', '', 'V8', '6.0', 1, 'server-nodejs-8.3.0', '', '', '', '', NOW(), NOW(), 1),
  (742, 16, '', '8.5.0', 85, '2017-09-12 00:00:00', 'https://nodejs.org/en/blog/release/v8.5.0/', '', 'V8', '6.0', 1, 'server-nodejs-8.5.0', '', '', '', '', NOW(), NOW(), 1),
  (743, 16, '', '8.7.0', 87, '2017-10-11 00:00:00', 'https://nodejs.org/en/blog/release/v8.7.0/', '', 'V8', '6.1', 1, 'server-nodejs-8.7.0', '', '', '', '', NOW(), NOW(), 1),
  (744, 16, '', '8.10.0', 810, '2018-03-06 00:00:00', 'https://nodejs.org/en/blog/release/v8.10.0/', '', 'V8', '6.2', 1, 'server-nodejs-8.10.0', '', '', '', '', NOW(), NOW(), 1),
  (745, 16, '', '9.3.0', 930, '2017-12-12 00:00:00', 'https://nodejs.org/en/blog/release/v9.3.0/', '', 'V8', '6.2', 1, 'server-nodejs-9.3.0', '', '', '', '', NOW(), NOW(), 1),
  (746, 16, '', '10.0.0', 1000, '2018-04-24 00:00:00', 'https://nodejs.org/en/blog/release/v10.0.0/', '', 'V8', '6.6', 1, 'server-nodejs-10.0.0', '', '', '', '', NOW(), NOW(), 1),
  (747, 16, '', '10.4.0', 1040, '2018-06-06 00:00:00', 'https://nodejs.org/en/blog/release/v10.4.0/', '', 'V8', '6.7', 1, 'server-nodejs-10.4.0', '', '', '', '', NOW(), NOW(), 1),
  (748, 16, '', '10.5.0', 1050, '2018-06-20 00:00:00', 'https://nodejs.org/en/blog/release/v10.5.0/', '', 'V8', '6.7', 1, 'server-nodejs-10.5.0', '', '', '', '', NOW(), NOW(), 1),
  (749, 16, '', '10.7.0', 1070, '2018-07-18 00:00:00', 'https://nodejs.org/en/blog/release/v10.7.0/', '', 'V8', '6.7', 1, 'server-nodejs-10.7.0', '', '', '', '', NOW(), NOW(), 1),
  (750, 16, '', '10.9.0', 1090, '2018-08-16 00:00:00', 'https://nodejs.org/en/blog/release/v10.9.0/', '', 'V8', '6.8', 1, 'server-nodejs-10.9.0', '', '', '', '', NOW(), NOW(), 1),
  (751, 16, '', '11.0.0', 1100, '2018-10-23 00:00:00', 'https://nodejs.org/en/blog/release/v11.0.0/', '', 'V8', '7.0', 1, 'server-nodejs-11.0.0', '', '', '', '', NOW(), NOW(), 1),
  (752, 16, '', '11.7.0', 1170, '2019-01-18 00:00:00', 'https://nodejs.org/en/blog/release/v11.7.0/', '', 'V8', '7.0', 1, 'server-nodejs-11.7.0', '', '', '', '', NOW(), NOW(), 1),
  (753, 16, '', '12.0.0', 1200, '2019-04-23 00:00:00', 'https://nodejs.org/en/blog/release/v12.0.0/', '', 'V8', '7.4', 1, 'server-nodejs-12.0.0', '', '', '', '', NOW(), NOW(), 1),
  (754, 16, '', '12.5.0', 1250, '2019-06-27 00:00:00', 'https://nodejs.org/en/blog/release/v12.5.0/', '', 'V8', '7.5', 1, 'server-nodejs-12.5.0', '', '', '', '', NOW(), NOW(), 1),
  (755, 16, '', '12.9.0', 1290, '2019-08-20 00:00:00', 'https://nodejs.org/en/blog/release/v12.9.0/', '', 'V8', '7.6', 1, 'server-nodejs-12.9.0', '', '', '', '', NOW(), NOW(), 1);
/*!40000 ALTER TABLE `t_brs_browser_version` ENABLE KEYS */;


TRUNCATE TABLE t_lan_language;
/*!40000 ALTER TABLE `t_lan_language` DISABLE KEYS */;
INSERT INTO `t_lan_language` (`id`, `code`, `name`, `state`, `description`, `ext_1`, `ext_2`, `ext_3`, `ext_4`, `meta_created`, `meta_updated`, `meta_logic_flag`) VALUES
  (1, '', 'HTML', 1, '', '', '', '', '', NOW(), NOW(), 1),
  (2, '', 'CSS', 1, '', '', '', '', '', NOW(), NOW(), 1),
  (3, '', 'JavaScript', 1, '', '', '', '', '', NOW(), NOW(), 1);
/*!40000 ALTER TABLE `t_lan_language` ENABLE KEYS */;


TRUNCATE TABLE t_kng_knowledge_category;
/*!40000 ALTER TABLE `t_kng_knowledge_category` DISABLE KEYS */;
INSERT INTO `t_kng_knowledge_category` (`id`, `parent_id`, `level`, `path`, `code`, `name`, `priority`, `state`, `description`, `ext_1`, `ext_2`, `ext_3`, `ext_4`, `meta_created`, `meta_updated`, `meta_logic_flag`) VALUES
  (1, 1, 1, '1', 'ROOT', '', 1, 1, '', '', '', '', '', NOW(), NOW(), 1),
  
  (2, 1, 2, '1|2', 'WD1', '', 1, 1, '', '', '', '', '', NOW(), NOW(), 1),

  (3, 2, 3, '1|2|3', 'HTML', 'HTML', 1, 1, '', '', '', '', '', NOW(), NOW(), 1),
  (4, 2, 3, '1|2|4', 'CSS', 'CSS', 1, 1, '', '', '', '', '', NOW(), NOW(), 1),
  (5, 2, 3, '1|2|5', 'JAVASCRIPT', 'JavaScript', 1, 1, '', '', '', '', '', NOW(), NOW(), 1),
  (6, 2, 3, '1|2|6', 'WEBAPI', 'Web API', 1, 1, '', '', '', '', '', NOW(), NOW(), 1),

  (7, 4, 4, '1|2|4|7', '', 'At-rules', 1, 1, '', '', '', '', '', NOW(), NOW(), 1),
  (8, 4, 4, '1|2|4|8', '', 'Selectors', 1, 1, '', '', '', '', '', NOW(), NOW(), 1),
  (9, 4, 4, '1|2|4|9', '', 'Properties', 1, 1, '', '', '', '', '', NOW(), NOW(), 1),
  (10, 4, 4, '1|2|4|10', '', 'Values', 1, 1, '', '', '', '', '', NOW(), NOW(), 1);
  (11, 4, 4, '1|2|4|11', '', 'Units', 1, 1, '', '', '', '', '', NOW(), NOW(), 1);
  
  (12, 8, 5, '1|2|4|8|12', '', 'Element Selectors', 1, 1, '', '', '', '', '', NOW(), NOW(), 1);
  (13, 8, 5, '1|2|4|8|13', '', 'Attribute Selectors', 1, 1, '', '', '', '', '', NOW(), NOW(), 1);
  (14, 8, 5, '1|2|4|8|14', '', 'Combinators', 1, 1, '', '', '', '', '', NOW(), NOW(), 1);
  (15, 8, 5, '1|2|4|8|15', '', 'Pseudo-classes', 1, 1, '', '', '', '', '', NOW(), NOW(), 1);
  (16, 8, 5, '1|2|4|8|16', '', 'Pseudo-elements', 1, 1, '', '', '', '', '', NOW(), NOW(), 1);

  (17, 9, 5, '1|2|4|9|17', '', '2D Transforms', 1, 1, '', '', '', '', '', NOW(), NOW(), 1);
  (18, 9, 5, '1|2|4|9|18', '', 'Lists', 1, 1, '', '', '', '', '', NOW(), NOW(), 1);
  (19, 9, 5, '1|2|4|9|19', '', 'Color and Background', 1, 1, '', '', '', '', '', NOW(), NOW(), 1);
  (20, 9, 5, '1|2|4|9|20', '', 'Font and Text', 1, 1, '', '', '', '', '', NOW(), NOW(), 1);
  (21, 9, 5, '1|2|4|9|21', '', 'Generated Content', 1, 1, '', '', '', '', '', NOW(), NOW(), 1);
  (22, 9, 5, '1|2|4|9|22', '', 'Border and Layout', 1, 1, '', '', '', '', '', NOW(), NOW(), 1);
  (23, 9, 5, '1|2|4|9|23', '', 'Positioning', 1, 1, '', '', '', '', '', NOW(), NOW(), 1);
  (24, 9, 5, '1|2|4|9|24', '', 'Printing', 1, 1, '', '', '', '', '', NOW(), NOW(), 1);
  (25, 9, 5, '1|2|4|9|25', '', 'User Interface', 1, 1, '', '', '', '', '', NOW(), NOW(), 1);
  (26, 9, 5, '1|2|4|9|26', '', 'Multi-column Layout', 1, 1, '', '', '', '', '', NOW(), NOW(), 1);
  (27, 9, 5, '1|2|4|9|27', '', 'Speech', 1, 1, '', '', '', '', '', NOW(), NOW(), 1);
  (28, 9, 5, '1|2|4|9|28', '', 'Media Queries', 1, 1, '', '', '', '', '', NOW(), NOW(), 1);

  (29, 10, 5, '1|2|4|10|29', '', 'Numbers', 1, 1, '', '', '', '', '', NOW(), NOW(), 1);
  (30, 10, 5, '1|2|4|10|30', '', 'Strings', 1, 1, '', '', '', '', '', NOW(), NOW(), 1);
  (31, 10, 5, '1|2|4|10|31', '', 'Shapes', 1, 1, '', '', '', '', '', NOW(), NOW(), 1);
  (32, 10, 5, '1|2|4|10|32', '', 'Functions', 1, 1, '', '', '', '', '', NOW(), NOW(), 1);
  (33, 10, 5, '1|2|4|10|33', '', 'Colors', 1, 1, '', '', '', '', '', NOW(), NOW(), 1);
  (34, 10, 5, '1|2|4|10|34', '', 'Keywords', 1, 1, '', '', '', '', '', NOW(), NOW(), 1);

/*!40000 ALTER TABLE `t_kng_knowledge_category` ENABLE KEYS */;


TRUNCATE TABLE t_kng_knowledge;
-- /*!40000 ALTER TABLE `t_kng_knowledge` DISABLE KEYS */;
-- INSERT INTO `t_kng_knowledge` (`id`, `code`, `name`, `state`, `description`, `ext_1`, `ext_2`, `ext_3`, `ext_4`, `meta_created`, `meta_updated`, `meta_logic_flag`) VALUES
--   (1, '', 'align-content', 1, '', '', '', '', '', NOW(), NOW(), 1),
--   (2, '', 'align-items', 1, '', '', '', '', '', NOW(), NOW(), 1),
--   (3, '', 'align-self', 1, '', '', '', '', '', NOW(), NOW(), 1);
-- /*!40000 ALTER TABLE `t_kng_knowledge` ENABLE KEYS */;


TRUNCATE TABLE t_kng_knowledge_language;
-- /*!40000 ALTER TABLE `t_kng_knowledge_language` DISABLE KEYS */;
-- INSERT INTO `t_kng_knowledge_language` (`id`, `language_id`, `knowledge_id`, `state`, `description`, `ext_1`, `ext_2`, `ext_3`, `ext_4`, `meta_created`, `meta_updated`, `meta_logic_flag`) VALUES
--   (1, 2, 1, 1, 'CSS:align-content', '', '', '', '', NOW(), NOW(), 1),
--   (2, 2, 2, 1, 'CSS:align-items', '', '', '', '', NOW(), NOW(), 1),
--   (3, 2, 3, 1, 'CSS:align-self', '', '', '', '', NOW(), NOW(), 1);
-- /*!40000 ALTER TABLE `t_kng_knowledge_language` ENABLE KEYS */;


TRUNCATE TABLE t_kng_knowledge_browser_version;
-- /*!40000 ALTER TABLE `t_kng_knowledge_browser_version` DISABLE KEYS */;
-- INSERT INTO `t_kng_knowledge_browser_version` (`id`, `knowledge_id`, `full_support_browser_version_id`, `hack_support_browser_version_id`, `state`, `description`, `ext_1`, `ext_2`, `ext_3`, `ext_4`, `meta_created`, `meta_updated`, `meta_logic_flag`) VALUES
--   (1, 1, 10, 0, 1, 'align-content:PC-Internet Explorer-9', '', '', '', '', NOW(), NOW(), 1),
--   (2, 2, 11, 0, 1, 'align-items:PC-Internet Explorer-10', '', '', '', '', NOW(), NOW(), 1),
--   (3, 3, 9, 0, 1, 'align-self:PC-Internet Explorer-8', '', '', '', '', NOW(), NOW(), 1),
--   (4, 1, 15, 0, 1, 'align-content:PC-Chrome-1', '', '', '', '', NOW(), NOW(), 1);
-- /*!40000 ALTER TABLE `t_kng_knowledge_browser_version` ENABLE KEYS */;


TRUNCATE TABLE t_kng_knowledge_knowledge_category;

TRUNCATE TABLE t_kng_knowledge_relation;







